path	size	extension	sha256
backups/phase14_11B_certified_20260811T112947Z/model_form/__init__.py	1440	.py	024676b47e000823f64290b4ecedcbae2c31ffa073b7368f96a4faba9a11ac24
backups/phase14_11B_certified_20260811T112947Z/model_form/control.py	10907	.py	da84ec0c8d524f05271ba9608722bbaeb22d3e98d78d28b3fa8a89c0c72b56d1
backups/phase14_11B_certified_20260811T112947Z/model_form/model.py	4127	.py	f6a5b2af4dcd79c41815ecb8422dfd625e6b81bd29d325fc71fc0d659342cf61
backups/phase14_11D0C1_certified_20260811T121620Z/task_session.py	201668	.py	fa1f041b8ff64031969c32e9242a1bb3c428a69130465080d3cbfa81c4818d03
backups/phase14_11D0C2_certified_20260811T121928Z/task_session.py	203569	.py	5fd2b17f503501db6fdeaa944cf1d66d3fdd2744d78f6db44bbd3dca5fbea233
backups/phase14_11D0C3_certified_20260811T122347Z/task_session.py	206692	.py	2d01c986e5dfd8298bb90ce770e12727d9ba53123f835c61a1770d984e281bbd
backups/phase14_11D0C4_certified_20260811T122935Z/task_session.py	216787	.py	f29367c638b536507e8ba93cb77fc6c03def9e6c40ec6f296b91c3cd61fce259
backups/phase14_11D0_certified_20260811T123502Z/model_form/__init__.py	1876	.py	bee6fa1a567d1fe7daa62ee0ce297d3707b0fc47e0419a99b39f8854f424195b
backups/phase14_11D0_certified_20260811T123502Z/model_form/bindings.yaml	137	.yaml	109007c86e7d9d975d3f47b8e67a5ca41ff6c822b819317af49e0d6180423c07
backups/phase14_11D0_certified_20260811T123502Z/model_form/control.py	10907	.py	da84ec0c8d524f05271ba9608722bbaeb22d3e98d78d28b3fa8a89c0c72b56d1
backups/phase14_11D0_certified_20260811T123502Z/model_form/model.py	4127	.py	f6a5b2af4dcd79c41815ecb8422dfd625e6b81bd29d325fc71fc0d659342cf61
backups/phase14_11D0_certified_20260811T123502Z/model_form/registry.py	9913	.py	f7c85300334f49415d600412112a48b247dd73936ee3740a644e7a9afc50ddcb
backups/phase14_11D0_certified_20260811T123502Z/runtime/session_identity.py	2710	.py	8a1d668e898dc2df7b60fd5099be0cf42dd2d4c864cbe163164f0a061a777353
backups/phase14_11D0_certified_20260811T123502Z/runtime/session_store.py	7080	.py	3c3449fa878920ea27f39b6216cf38a687d09a08da1d5b57af68c1a2f4beb48f
backups/phase14_11D0_certified_20260811T123502Z/runtime/task_session.py	218579	.py	163be1059dc778c3ac043064c9d7e2818b1b8bbb5722498180dd470ee778c26d
backups/phase14_11D1_certified_20260811T125502Z/__init__.py	1876	.py	bee6fa1a567d1fe7daa62ee0ce297d3707b0fc47e0419a99b39f8854f424195b
backups/phase14_11D2_certified_20260811T125648Z/task_session.py	218579	.py	163be1059dc778c3ac043064c9d7e2818b1b8bbb5722498180dd470ee778c26d
backups/phase14_11D3_certified_20260811T131449Z/task_session.py	222275	.py	f5ef2248cdf8c6a9f2f21d892fa83f5d7d88925946c44dda0180ac0c7c80f65b
backups/phase14_11D4B_certified_20260811T132714Z/task_session.py	223844	.py	cb9fc3ca35ef4e9579b08b83057a8270e0b5c89e184d92bf6fa26a184cf2aa39
backups/phase14_11D4C1_certified_20260811T133208Z/task_session.py	231842	.py	eb1cbf75f8db7b3951d9cdd610c828868c7932f175b0afe8bb01bad3ccfefc70
backups/phase14_11D4C_certified_20260811T133743Z/task_session.py	234392	.py	ce9b0297ff07a6aae675d3ede9d3faa4dff299c6465a11e571c474efd5b47682
backups/phase14_11D4D1_certified_20260811T134520Z/task_session.py	250747	.py	c7475622e9c66755b5e862ca252b021e34168abc17da071fafa51fbe6e50f08c
backups/phase14_11D5_certified_20260811T135122Z/model_form/__init__.py	2080	.py	86745469567415292d9989bfa3b2c08f6fd94f70bd0d88340879b4e2f3f4450d
backups/phase14_11D5_certified_20260811T135122Z/model_form/bindings.yaml	162	.yaml	74110afd51de7ceddd02948d0430b0f9f1b5443a6eaaaa0b8a6e4164a52b0583
backups/phase14_11D5_certified_20260811T135122Z/model_form/model.py	4127	.py	f6a5b2af4dcd79c41815ecb8422dfd625e6b81bd29d325fc71fc0d659342cf61
backups/phase14_11D5_certified_20260811T135122Z/model_form/registry.py	9913	.py	f7c85300334f49415d600412112a48b247dd73936ee3740a644e7a9afc50ddcb
backups/phase14_11D5_certified_20260811T135122Z/model_form/resolution.py	7659	.py	b28ec18d6b30b883a1ad334990cae518a3f1d8b54c00f62da28513d1fa3c91a1
backups/phase14_11D5_certified_20260811T135122Z/runtime/session_identity.py	2710	.py	8a1d668e898dc2df7b60fd5099be0cf42dd2d4c864cbe163164f0a061a777353
backups/phase14_11D5_certified_20260811T135122Z/runtime/session_store.py	7080	.py	3c3449fa878920ea27f39b6216cf38a687d09a08da1d5b57af68c1a2f4beb48f
backups/phase14_11D5_certified_20260811T135122Z/runtime/task_session.py	260053	.py	0cd2131020324826b7802f36ba39a6b4045227bf9c9202329f7472da2637097b
backups/phase14_11E1_certified_20260811T135713Z/handoff.py	3822	.py	48f16b54711f91ac0e61a5737f144fef51b96fb8aa8d3354756f0a8a95ba69ff
backups/phase14_11E2_certified_20260811T140259Z/handoff.py	3822	.py	48f16b54711f91ac0e61a5737f144fef51b96fb8aa8d3354756f0a8a95ba69ff
backups/phase14_11E2_certified_20260811T140259Z/handoff_detection.py	2135	.py	451e38ac331c522c3069fd2db98e885444027a26a87549430a75ce3e9df93696
backups/phase14_11E3B_certified_20260811T141850Z/conversation_continuity.py	5215	.py	f6604bce6c78b0f1a3c0f1de222b143d315dbe630776b8bdaf326e680327e997
backups/phase14_11E3_certified_20260811T142122Z/model_form/continuity.py	4394	.py	75120e03319c9b638d5e6e34268a74711bcfa29b7f56518ae5125602b9b651bc
backups/phase14_11E3_certified_20260811T142122Z/model_form/handoff.py	3822	.py	48f16b54711f91ac0e61a5737f144fef51b96fb8aa8d3354756f0a8a95ba69ff
backups/phase14_11E3_certified_20260811T142122Z/model_form/handoff_detection.py	2135	.py	451e38ac331c522c3069fd2db98e885444027a26a87549430a75ce3e9df93696
backups/phase14_11E3_certified_20260811T142122Z/runtime/conversation_continuity.py	5215	.py	f6604bce6c78b0f1a3c0f1de222b143d315dbe630776b8bdaf326e680327e997
backups/phase14_11E4A_certified_20260811T143316Z/task_session.py	269844	.py	478577e527d1d6ad1312e9c90c5ed5cc974cdd5236d16a4d4ec6ee0fe05104cc
backups/phase14_11E4B_certified_20260811T144133Z/task_session.py	273890	.py	520bc99dc19a253d89404546cc1ed2165ccf88f8e2934dd276648c28168d37c8
backups/phase14_11E4C_certified_20260811T144507Z/task_session.py	280436	.py	0043355b0b0738aaf19041c0ee9daccc9c0258607f67721388c6efce640713d5
backups/phase14_11E4D_certified_20260811T150951Z/task_session.py	293056	.py	63c096b0282bed6e812baaf9272067788ee652f1e3f136714f3d7e834311d20d
backups/phase14_11E4E1_certified_20260811T152409Z/task_session.py	298014	.py	e682f1c004a5729d2f1270aacf5cb9d958f73d638ef95cfa0c1a4b5426b7f43f
backups/phase14_11E4E2_certified_20260811T155944Z/base.py	3991	.py	e2b002a37b7048fa543876a26c8608154a9707acdb93c378d3a1bdea66b395fb
backups/phase14_11E4E3A_certified_20260811T161005Z/task_session.py	299643	.py	c87c27e6c4b7962754faa6f2fd809f320411805bb91803d93298521ff19d4ab2
backups/phase14_11E4E3B_certified_20260811T161700Z/task_session.py	309259	.py	bde405826e48e3332a9eff33dd7b3828b1733e3e1f760108a02fd0100348392e
backups/phase14_11E4E3C1_certified_20260811T163126Z/task_session.py	319208	.py	c6022d9f41426137dbed7c69f3d9e92b2d16d61693fc7dc7e614607f30cbd75c
backups/phase14_11E4E3C2A_certified_20260811T171153Z/task_session.py	322324	.py	451633e52832447b4585c8c1953913e8bda0d48589e1cda4279bbf62675c737d
backups/phase14_11E4E3C2B1_certified_20260811T172216Z/task_session.py	324027	.py	b761c7d4eeab8b0635b664cba828406fa213bf631f0a0e7165e8c7d5d86cbbd0
backups/phase14_11E4E3C2B2A_certified_20260811T173230Z/task_session.py	333299	.py	7184ff36637eba106e03af6cccc10fc11d5cd18d67397662f561c657a3a97a40
backups/phase14_11E4E3C2B2B_certified_20260811T174522Z/task_session.py	341567	.py	a8d089a7de0e4f469678831c6220f61ed3930e79f8f0f2afe70f4f3a03b1ec71
backups/phase14_11E4E5_certified_20260811T190247Z/task_session.py	341567	.py	a8d089a7de0e4f469678831c6220f61ed3930e79f8f0f2afe70f4f3a03b1ec71
backups/phase14_11F1_certified_20260811T190752Z/__init__.py	394	.py	a227c5cd705a305c4957714b5c93cf74b63de960946b8252e2d8a73f2585d91e
backups/phase14_11F1_certified_20260811T190752Z/model.py	4683	.py	7262ea30a432e8a454a4069f1d3b60e50e30600aa99308974e8f925877774da7
backups/phase14_11F2A_certified_20260811T191019Z/__init__.py	586	.py	1b6dc9751c23aa31f312bd353b65699a18173cc30f791f2488bbd2ec704015ef
backups/phase14_11F2A_certified_20260811T191019Z/budget.py	2431	.py	3ab5a79d57b0ea5ea34e2c5634bd8ad9282f484e6f761a8ad62023fa6b2d3cdb
backups/phase14_11F2A_certified_20260811T191019Z/model.py	4683	.py	7262ea30a432e8a454a4069f1d3b60e50e30600aa99308974e8f925877774da7
backups/phase14_11F2_certified_20260811T191203Z/__init__.py	820	.py	aac0ee907cf13c61f47888a19c6008480759090a27987ec7617de8185a504aca
backups/phase14_11F2_certified_20260811T191203Z/availability.py	2722	.py	b6a9fe9bfbe23f8ada65d30ac76a8e8f62a4c2d33e2cc7199dc572c39c886eb7
backups/phase14_11F2_certified_20260811T191203Z/budget.py	2431	.py	3ab5a79d57b0ea5ea34e2c5634bd8ad9282f484e6f761a8ad62023fa6b2d3cdb
backups/phase14_11F2_certified_20260811T191203Z/model.py	4683	.py	7262ea30a432e8a454a4069f1d3b60e50e30600aa99308974e8f925877774da7
backups/phase14_11F3_certified_20260811T191456Z/__init__.py	1140	.py	bce1549eb5c6cdb8db60eef26650dfee64febee6c8fdb8ad53756109d2c1cd1b
backups/phase14_11F3_certified_20260811T191456Z/availability.py	2722	.py	b6a9fe9bfbe23f8ada65d30ac76a8e8f62a4c2d33e2cc7199dc572c39c886eb7
backups/phase14_11F3_certified_20260811T191456Z/budget.py	2431	.py	3ab5a79d57b0ea5ea34e2c5634bd8ad9282f484e6f761a8ad62023fa6b2d3cdb
backups/phase14_11F3_certified_20260811T191456Z/decision.py	3082	.py	f9bf6f48620efcc2973e48abfb1d035658934aff623f79b280da8c3d48208c57
backups/phase14_11F3_certified_20260811T191456Z/model.py	4683	.py	7262ea30a432e8a454a4069f1d3b60e50e30600aa99308974e8f925877774da7
backups/phase14_11F4A_certified_20260811T191714Z/__init__.py	1367	.py	fef56e6f0e6f14723a43976b1e34536489625d1ada5b3cf94167deb2af77fe43
backups/phase14_11F4A_certified_20260811T191714Z/availability.py	2722	.py	b6a9fe9bfbe23f8ada65d30ac76a8e8f62a4c2d33e2cc7199dc572c39c886eb7
backups/phase14_11F4A_certified_20260811T191714Z/budget.py	2431	.py	3ab5a79d57b0ea5ea34e2c5634bd8ad9282f484e6f761a8ad62023fa6b2d3cdb
backups/phase14_11F4A_certified_20260811T191714Z/decision.py	3082	.py	f9bf6f48620efcc2973e48abfb1d035658934aff623f79b280da8c3d48208c57
backups/phase14_11F4A_certified_20260811T191714Z/model.py	4683	.py	7262ea30a432e8a454a4069f1d3b60e50e30600aa99308974e8f925877774da7
backups/phase14_11F4A_certified_20260811T191714Z/requirement.py	3153	.py	4cebbfaa27e3360a5ec92edd311cd2f9424ee159c8a6c5c4bfa2a3335dc89f59
backups/phase14_11F4B_certified_20260811T192006Z/__init__.py	1565	.py	ee2d7fd53a9459dc1b4ed1d745cc2bc1bc3b00d501d2c4c782435f2e9a05d7a6
backups/phase14_11F4B_certified_20260811T192006Z/availability.py	2722	.py	b6a9fe9bfbe23f8ada65d30ac76a8e8f62a4c2d33e2cc7199dc572c39c886eb7
backups/phase14_11F4B_certified_20260811T192006Z/budget.py	2431	.py	3ab5a79d57b0ea5ea34e2c5634bd8ad9282f484e6f761a8ad62023fa6b2d3cdb
backups/phase14_11F4B_certified_20260811T192006Z/decision.py	3082	.py	f9bf6f48620efcc2973e48abfb1d035658934aff623f79b280da8c3d48208c57
backups/phase14_11F4B_certified_20260811T192006Z/governor.py	6165	.py	9d25c7802f6e58d4b9e8d21eff025a0c0aff0252afc84bcc13f6b78533e1aaea
backups/phase14_11F4B_certified_20260811T192006Z/model.py	4683	.py	7262ea30a432e8a454a4069f1d3b60e50e30600aa99308974e8f925877774da7
backups/phase14_11F4B_certified_20260811T192006Z/requirement.py	3153	.py	4cebbfaa27e3360a5ec92edd311cd2f9424ee159c8a6c5c4bfa2a3335dc89f59
backups/phase14_11F5A_certified_20260811T192954Z/__init__.py	1740	.py	e86a67630aca858e0ec687ea5f2ce99bd7870f5cd59712a2b3e80e3ab3f587cd
backups/phase14_11F5A_certified_20260811T192954Z/availability.py	2722	.py	b6a9fe9bfbe23f8ada65d30ac76a8e8f62a4c2d33e2cc7199dc572c39c886eb7
backups/phase14_11F5A_certified_20260811T192954Z/budget.py	2431	.py	3ab5a79d57b0ea5ea34e2c5634bd8ad9282f484e6f761a8ad62023fa6b2d3cdb
backups/phase14_11F5A_certified_20260811T192954Z/decision.py	3082	.py	f9bf6f48620efcc2973e48abfb1d035658934aff623f79b280da8c3d48208c57
backups/phase14_11F5A_certified_20260811T192954Z/governor.py	6165	.py	9d25c7802f6e58d4b9e8d21eff025a0c0aff0252afc84bcc13f6b78533e1aaea
backups/phase14_11F5A_certified_20260811T192954Z/model.py	4683	.py	7262ea30a432e8a454a4069f1d3b60e50e30600aa99308974e8f925877774da7
backups/phase14_11F5A_certified_20260811T192954Z/request_preparation.py	2442	.py	1e81e71ae3f6af7156ce7464fa5acacd84d37db6b827a5fa4de78993b3986549
backups/phase14_11F5A_certified_20260811T192954Z/requirement.py	3153	.py	4cebbfaa27e3360a5ec92edd311cd2f9424ee159c8a6c5c4bfa2a3335dc89f59
backups/phase14_11F5B_certified_20260811T195129Z/SHA256SUMS	799		db118279074bf9386310548216badca92b9c9db6892f59069c2088de58e298ea
backups/phase14_11F5B_certified_20260811T195129Z/resources/__init__.py	1740	.py	e86a67630aca858e0ec687ea5f2ce99bd7870f5cd59712a2b3e80e3ab3f587cd
backups/phase14_11F5B_certified_20260811T195129Z/resources/availability.py	2722	.py	b6a9fe9bfbe23f8ada65d30ac76a8e8f62a4c2d33e2cc7199dc572c39c886eb7
backups/phase14_11F5B_certified_20260811T195129Z/resources/budget.py	2431	.py	3ab5a79d57b0ea5ea34e2c5634bd8ad9282f484e6f761a8ad62023fa6b2d3cdb
backups/phase14_11F5B_certified_20260811T195129Z/resources/decision.py	3082	.py	f9bf6f48620efcc2973e48abfb1d035658934aff623f79b280da8c3d48208c57
backups/phase14_11F5B_certified_20260811T195129Z/resources/governor.py	6165	.py	9d25c7802f6e58d4b9e8d21eff025a0c0aff0252afc84bcc13f6b78533e1aaea
backups/phase14_11F5B_certified_20260811T195129Z/resources/model.py	4683	.py	7262ea30a432e8a454a4069f1d3b60e50e30600aa99308974e8f925877774da7
backups/phase14_11F5B_certified_20260811T195129Z/resources/request_preparation.py	2442	.py	1e81e71ae3f6af7156ce7464fa5acacd84d37db6b827a5fa4de78993b3986549
backups/phase14_11F5B_certified_20260811T195129Z/resources/requirement.py	3153	.py	4cebbfaa27e3360a5ec92edd311cd2f9424ee159c8a6c5c4bfa2a3335dc89f59
backups/phase14_11F5B_certified_20260811T195129Z/task_session.py	347335	.py	2e35143d63bf3d077edb95a4147035018453e019a8f1ee1673912061b883eb2a
backups/phase14_11F5C2_certified_20260811T200207Z/SHA256SUMS	717		6cfdc98b5706f865f986058af16b0f151e070f256446560fa644ad44f2838c3c
backups/phase14_11F5C2_certified_20260811T200207Z/__init__.py	1876	.py	bb8dc32f3f92f5f4e6894550358e490c05a70e837a64251125ce7557023a550e
backups/phase14_11F5C2_certified_20260811T200207Z/availability.py	2722	.py	b6a9fe9bfbe23f8ada65d30ac76a8e8f62a4c2d33e2cc7199dc572c39c886eb7
backups/phase14_11F5C2_certified_20260811T200207Z/budget.py	2431	.py	3ab5a79d57b0ea5ea34e2c5634bd8ad9282f484e6f761a8ad62023fa6b2d3cdb
backups/phase14_11F5C2_certified_20260811T200207Z/decision.py	3082	.py	f9bf6f48620efcc2973e48abfb1d035658934aff623f79b280da8c3d48208c57
backups/phase14_11F5C2_certified_20260811T200207Z/evaluation.py	5069	.py	0d485027b490c4a55cbe2841f943bb1a5d65db3cb44b84ddb599747bc048723c
backups/phase14_11F5C2_certified_20260811T200207Z/governor.py	6165	.py	9d25c7802f6e58d4b9e8d21eff025a0c0aff0252afc84bcc13f6b78533e1aaea
backups/phase14_11F5C2_certified_20260811T200207Z/model.py	4683	.py	7262ea30a432e8a454a4069f1d3b60e50e30600aa99308974e8f925877774da7
backups/phase14_11F5C2_certified_20260811T200207Z/request_preparation.py	2442	.py	1e81e71ae3f6af7156ce7464fa5acacd84d37db6b827a5fa4de78993b3986549
backups/phase14_11F5C2_certified_20260811T200207Z/requirement.py	3153	.py	4cebbfaa27e3360a5ec92edd311cd2f9424ee159c8a6c5c4bfa2a3335dc89f59
backups/phase14_11F_certified_20260811T200848Z/CHECKPOINT.txt	1108	.txt	f7d9a1d22f2250acf791d91cd54d17ae0ac576c38a5c2e2a48c91ac69776f669
backups/phase14_11F_certified_20260811T200848Z/SHA256SUMS	978		3e65978523b7ba842a0dd60bf98046e68f5127c6693192c336c24e4a9a78a0c0
backups/phase14_11F_certified_20260811T200848Z/resources/__init__.py	1876	.py	bb8dc32f3f92f5f4e6894550358e490c05a70e837a64251125ce7557023a550e
backups/phase14_11F_certified_20260811T200848Z/resources/availability.py	2722	.py	b6a9fe9bfbe23f8ada65d30ac76a8e8f62a4c2d33e2cc7199dc572c39c886eb7
backups/phase14_11F_certified_20260811T200848Z/resources/budget.py	2431	.py	3ab5a79d57b0ea5ea34e2c5634bd8ad9282f484e6f761a8ad62023fa6b2d3cdb
backups/phase14_11F_certified_20260811T200848Z/resources/decision.py	3082	.py	f9bf6f48620efcc2973e48abfb1d035658934aff623f79b280da8c3d48208c57
backups/phase14_11F_certified_20260811T200848Z/resources/evaluation.py	5069	.py	0d485027b490c4a55cbe2841f943bb1a5d65db3cb44b84ddb599747bc048723c
backups/phase14_11F_certified_20260811T200848Z/resources/governor.py	6165	.py	9d25c7802f6e58d4b9e8d21eff025a0c0aff0252afc84bcc13f6b78533e1aaea
backups/phase14_11F_certified_20260811T200848Z/resources/model.py	4683	.py	7262ea30a432e8a454a4069f1d3b60e50e30600aa99308974e8f925877774da7
backups/phase14_11F_certified_20260811T200848Z/resources/request_preparation.py	2442	.py	1e81e71ae3f6af7156ce7464fa5acacd84d37db6b827a5fa4de78993b3986549
backups/phase14_11F_certified_20260811T200848Z/resources/requirement.py	3153	.py	4cebbfaa27e3360a5ec92edd311cd2f9424ee159c8a6c5c4bfa2a3335dc89f59
backups/phase14_11F_certified_20260811T200848Z/runtime/task_session.py	347335	.py	2e35143d63bf3d077edb95a4147035018453e019a8f1ee1673912061b883eb2a
backups/phase14_11G1B_certified_20260811T201533Z/model_form/automatic_router.py	7856	.py	bd77b0495956ae704f62c534383b8c28424898a0f37ae3d8eb730c3f766720c8
backups/phase14_11G1B_certified_20260811T201533Z/source_sha256.txt	97	.txt	c78c26687d3861b225791ba1ccfd3389ed14b7331080179d9a15d37bec444768
backups/phase14_11G1B_certified_20260811T201948Z/CHECKPOINT.txt	600	.txt	c9096ac59dabd07bb2df4c302baf1ab6dc74be5c22dd3be678e781886faeccaf
backups/phase14_11G1B_certified_20260811T201948Z/SHA256SUMS	179		088c1e42bfe0275cd0804bf348a92cecba87d59d74909ed59802c836941c1710
backups/phase14_11G1B_certified_20260811T201948Z/model_form/automatic_routing.py	3337	.py	bce0361131c560e1ff8b0bfa5919dfdc291984b1e34965fac8201cac245114e2
backups/phase14_11G1D_certified_20260811T201835Z/certification.txt	719	.txt	aaab68154679f4d4b04cb95fe61983b7c4bbdc4a0e364860b19734b694a781fc
backups/phase14_11G1D_certified_20260811T201835Z/model_form/automatic_router.py	11577	.py	3c0500762d56825ba64436faf021cc338e1c5e0c579482b2658500c9b09e42ee
backups/phase14_11G1D_certified_20260811T201835Z/source_sha256.txt	97	.txt	80185e4ef02522bfdf2976bc2a8f92b8d537522b8e22ab5f58258bd5c8ffe16a
backups/phase14_11G1_certified_20260811T202247Z/CHECKPOINT.txt	1082	.txt	e95314efaba6c15d77f91f519a57904e44dfb47c63631628f8b65653d0cdb2ff
backups/phase14_11G1_certified_20260811T202247Z/SHA256SUMS	286		d45d53fc5be3c53a7a20cb35a79987b5b5fbacf92baaade7aac4a8b775a7a422
backups/phase14_11G1_certified_20260811T202247Z/model_form/automatic_routing.py	3337	.py	bce0361131c560e1ff8b0bfa5919dfdc291984b1e34965fac8201cac245114e2
backups/phase14_11G1_certified_20260811T202247Z/model_form/automatic_routing_evidence.py	3757	.py	f28df92e43f1d7b52edb58f35a597ae3f75df4595ef0c6ace333821bb1e9d4cb
backups/phase14_11G2D_certified_20260811T202633Z/certification.txt	1462	.txt	e3c430fb36bde97c89e81eebdb72ca3db15ff5a5504c72c782b9e6acf26cfec5
backups/phase14_11G2D_certified_20260811T202633Z/model_form/automatic_router.py	11577	.py	3c0500762d56825ba64436faf021cc338e1c5e0c579482b2658500c9b09e42ee
backups/phase14_11G2D_certified_20260811T202633Z/source_sha256.txt	205	.txt	7f99deb71ee1d05558b7e1caa08468ebf6ff7531839219de3e1d3bb1edce58d7
backups/phase14_11G2D_certified_20260811T202633Z/tests/test_model_form_automatic_router.py	16022	.py	c841d0890e9ee52a307b6e3ddefe4f2df9995b77cbe111078defaf469a5bbcd8
backups/phase14_11G2_certified_20260811T202527Z/CHECKPOINT.txt	1428	.txt	512cc88f97dee6af061a3e5a1efa7f6fbb423dcacbfeba17379aaa918a8d39f4
backups/phase14_11G2_certified_20260811T202527Z/SHA256SUMS	391		257abd8143d628615b1a854f4b7ab13702ef2f3ec314987306a43fa7a9df34fe
backups/phase14_11G2_certified_20260811T202527Z/model_form/automatic_routing.py	3337	.py	bce0361131c560e1ff8b0bfa5919dfdc291984b1e34965fac8201cac245114e2
backups/phase14_11G2_certified_20260811T202527Z/model_form/automatic_routing_evidence.py	3757	.py	f28df92e43f1d7b52edb58f35a597ae3f75df4595ef0c6ace333821bb1e9d4cb
backups/phase14_11G2_certified_20260811T202527Z/model_form/automatic_routing_policy.py	3954	.py	01dde179a3ad57306e5542580665bd5db20fc9e8c021324eb08c072e594f7b4c
backups/phase14_11G3B_certified_20260811T203405Z/CHECKPOINT.txt	972	.txt	4814c4cf03b2b83fea5cddcc0c7e0410396913fcd44d005d1ec086c74272b442
backups/phase14_11G3B_certified_20260811T203405Z/SHA256SUMS	172		99364ac11b9828230cae2b2c9b8faf233fdb2f7ce0dd953be05ea6a2044a2017
backups/phase14_11G3B_certified_20260811T203405Z/model_form/resolution.py	8794	.py	17548170c5d925eb276e5dc91739a42cbf1b5d8f2b94877b657abe0cc68873ae
backups/phase14_11G3_certified_20260811T203628Z/CHECKPOINT.txt	1260	.txt	7b530cd253b4cfa95379ca2dd1305576cd55e4b7656e013482b6b325758ed407
backups/phase14_11G3_certified_20260811T203628Z/SHA256SUMS	482		10e09b6e5e309140d06d68c7c8f0189d0aef6edbb8e5234ee20753c7d19d0cba
backups/phase14_11G3_certified_20260811T203628Z/model_form/automatic_routing.py	3337	.py	bce0361131c560e1ff8b0bfa5919dfdc291984b1e34965fac8201cac245114e2
backups/phase14_11G3_certified_20260811T203628Z/model_form/automatic_routing_evidence.py	3757	.py	f28df92e43f1d7b52edb58f35a597ae3f75df4595ef0c6ace333821bb1e9d4cb
backups/phase14_11G3_certified_20260811T203628Z/model_form/automatic_routing_policy.py	3954	.py	01dde179a3ad57306e5542580665bd5db20fc9e8c021324eb08c072e594f7b4c
backups/phase14_11G3_certified_20260811T203628Z/model_form/resolution.py	8794	.py	17548170c5d925eb276e5dc91739a42cbf1b5d8f2b94877b657abe0cc68873ae
backups/phase14_11G4B_certified_20260811T204626Z/CHECKPOINT.txt	408	.txt	0245a870a724602878a87b44dcfecfcddd643f81815e334ae01578c9560ad6e2
backups/phase14_11G4B_certified_20260811T204626Z/SHA256SUMS	172		f7d45b4bdcfb40c49eeff3f318348b1739412bcf4f13c2de4539cf0b7a259aac
backups/phase14_11G4B_certified_20260811T204626Z/model_form/resolution.py	10800	.py	6a2eac1af3c15231bc93850ae5176d4f64b331017377d3ecef5e50b4a6df162c
backups/phase14_11G4C1_certified_20260811T204843Z/CHECKPOINT.txt	491	.txt	f5f7ecdf834f5fb7cbad382c6bbc2795d12b93e59390d7eb245152701e13e9e8
backups/phase14_11G4C1_certified_20260811T204843Z/SHA256SUMS	171		907dc13ca9744453885d473fc2f61e646a8f5c235cdcd287e4c74447806723d7
backups/phase14_11G4C1_certified_20260811T204843Z/runtime/task_session.py	347418	.py	267c4394ead63647732ec47658a2da3c2bad8c91ac283a92c3bea287d5100abc
backups/phase14_11G4C2_certified_20260811T205734Z/CHECKPOINT.txt	404	.txt	4d6865569554a4287603fae8ae117471fe3d0bd954be5a91277456118e7fa1cf
backups/phase14_11G4C2_certified_20260811T205734Z/SHA256SUMS	171		64605c9550e66df3ff9ab77738f80f7d9b24b7040b1d672adbcbb54ff49e937d
backups/phase14_11G4C2_certified_20260811T205734Z/runtime/task_session.py	348660	.py	f793a4cbc08820a2d28e0d73e67afda7d52b00780b8555e29bf761e6f813fa1d
backups/phase14_11G4C3A_certified_20260811T210129Z/CHECKPOINT.txt	672	.txt	5c5619221f76db3bc5a78cb04f5c1cf5ec2e9e27402c419a089f93db8bd6b00e
backups/phase14_11G4C3A_certified_20260811T210129Z/SHA256SUMS	171		06e6bbb5faf01bc0fdf95cdabc56fb89826167a86c2a7b01df6a7a91e00b2319
backups/phase14_11G4C3A_certified_20260811T210129Z/runtime/task_session.py	348829	.py	176760e9602fa98b0c948960f6f469b189fa9b80bbac8c6d5c3586836c418b4d
backups/phase14_11G4C3B_certified_20260811T210308Z/CHECKPOINT.txt	691	.txt	48e21026c218cc55def115c3ac3bc011532dc8a5c5735577bac3d358eeaaf2fc
backups/phase14_11G4C3B_certified_20260811T210308Z/SHA256SUMS	171		06b1fe3e7905099559a041cd4b2fcd5a9420a5873f28a5de6931a604f28fb56a
backups/phase14_11G4C3B_certified_20260811T210308Z/runtime/task_session.py	350805	.py	d8174699327e7d8afdb5a58a6c884119d9027f554c8951258b95f7bf4322e904
backups/phase14_11G4C4_certified_20260811T210719Z/CHECKPOINT.txt	727	.txt	db1b829afbfc950d8b379907eb4e1ac97c74433c20700bffe0d54b03b929a317
backups/phase14_11G4C4_certified_20260811T210719Z/SHA256SUMS	171		91766ef6b7b18e5f7dce0706e62154113a5032db0138f2a2e0f36054c4210253
backups/phase14_11G4C4_certified_20260811T210719Z/runtime/task_session.py	352578	.py	fa174d6da050fbb072f3b031dbea38d3bfd6ea3d080d3b17786adc6eaa61f9da
backups/phase14_11G4_certified_20260811T211907Z/CHECKPOINT.txt	1556	.txt	6e0f6e56ae0869d2da4eafb6d89c2d744237458ab2e62f0e394ab5a88db95928
backups/phase14_11G4_certified_20260811T211907Z/SHA256SUMS	572		5f3f75fc395a0468a83b340c2124aee622b3ce2f0c65c7ea6a67132b0d513642
backups/phase14_11G4_certified_20260811T211907Z/model_form/automatic_routing.py	3337	.py	bce0361131c560e1ff8b0bfa5919dfdc291984b1e34965fac8201cac245114e2
backups/phase14_11G4_certified_20260811T211907Z/model_form/automatic_routing_evidence.py	3757	.py	f28df92e43f1d7b52edb58f35a597ae3f75df4595ef0c6ace333821bb1e9d4cb
backups/phase14_11G4_certified_20260811T211907Z/model_form/automatic_routing_policy.py	3954	.py	01dde179a3ad57306e5542580665bd5db20fc9e8c021324eb08c072e594f7b4c
backups/phase14_11G4_certified_20260811T211907Z/model_form/resolution.py	10800	.py	6a2eac1af3c15231bc93850ae5176d4f64b331017377d3ecef5e50b4a6df162c
backups/phase14_11G4_certified_20260811T211907Z/runtime/task_session.py	352578	.py	fa174d6da050fbb072f3b031dbea38d3bfd6ea3d080d3b17786adc6eaa61f9da
backups/phase14_11G5C_synthetic_certified_20260811T210321Z/certification.txt	780	.txt	6bcbe7d3bf0c5c9a7c3f89629df7b483d2fb4aedcf6649e9fa8ebd370ceb08b7
backups/phase14_11G5C_synthetic_certified_20260811T210321Z/source_sha256.txt	116	.txt	c58592816300a915389f8c78a7452502d40f277d8e34496fecaf361f017669c8
backups/phase14_11G5C_synthetic_certified_20260811T210321Z/tests/test_model_form_governor_router_contract.py	12369	.py	8813e844ad814d56c520c8c4eec4fe57e4b3f6a3593a1d7530336adb7a6a40f7
backups/phase14_11G5D_certified_20260811T213131Z/certification.txt	918	.txt	7fd3b28e163e0637910e8aa398c32d10a6b63c954877cd8813c6a5f611bf83fa
backups/phase14_11G5D_certified_20260811T213131Z/model_form/__init__.py	2158	.py	2c03f2e941001ea0d2a84603f14f6978cafe7268c2c61f4d186d3882e05d7a71
backups/phase14_11G5D_certified_20260811T213131Z/source_sha256.txt	486	.txt	5754f3fbbfb213256fbe85b4d568f391b7d8c9403dac9f0fdcf39e33bcb8b826
backups/phase14_11G5D_certified_20260811T213131Z/tests/test_model_form_governor_task_session_integration.py	17754	.py	9822a79a0485f75c8d8804917bc0104fb5bcfdc6d1f015ac475fcea7ee3406bc
backups/phase14_11G6BC_synthetic_certified_20260811T211425Z/certification.txt	1331	.txt	6ebf4227f95f9f9eced9acb74a26aae7c93a6c1506bb9e97cca6b062f824d15e
backups/phase14_11G6BC_synthetic_certified_20260811T211425Z/observed_production_sha256.txt	578	.txt	00dea7ff800b9e8a673300476427ebba568c48ccf7e46006aad45451aeb6c66c
backups/phase14_11G6BC_synthetic_certified_20260811T211425Z/test_sha256.txt	125	.txt	5e20297722145ca5e4f4e55977880859a95c04269262e3513efda6da40ef5054
backups/phase14_11G6BC_synthetic_certified_20260811T211425Z/tests/test_model_form_automatic_routing_retry_isolation.py	19202	.py	9d91e275185ffc9c77b553e5fd369b9c39d3b0f362d8babc1bdd5b6b5bde201c
backups/phase14_11G6D_certified_20260811T213408Z/certification.txt	959	.txt	b76dc76d516f64e812d41c55843d3621f3393dda9a952d560e61410966aeae55
backups/phase14_11G6D_certified_20260811T213408Z/model_form/__init__.py	2158	.py	2c03f2e941001ea0d2a84603f14f6978cafe7268c2c61f4d186d3882e05d7a71
backups/phase14_11G6D_certified_20260811T213408Z/source_sha256.txt	392	.txt	d2f2e7d2c18e02f58403e3d4727ce20097144f6fcfaaff45afd2897f1e780478
backups/phase14_11G6D_certified_20260811T213408Z/tests/test_model_form_retry_task_session_integration.py	21114	.py	b0ba1f9e8c6148cab49a94bc0ea1c49c1f7d9a68cb0138792e91d7aa8d44b417
backups/phase14_11G7_final_certified_20260811T213503Z/certification.txt	3203	.txt	3a7e3d84bbb16b4a69ec1b910d08efda86d2553610fb1a5be74c640f5e74fd71
backups/phase14_11G7_final_certified_20260811T213503Z/model_form/__init__.py	2158	.py	2c03f2e941001ea0d2a84603f14f6978cafe7268c2c61f4d186d3882e05d7a71
backups/phase14_11G7_final_certified_20260811T213503Z/model_form/automatic_router.py	11577	.py	3c0500762d56825ba64436faf021cc338e1c5e0c579482b2658500c9b09e42ee
backups/phase14_11G7_final_certified_20260811T213503Z/model_form/automatic_routing.py	3337	.py	bce0361131c560e1ff8b0bfa5919dfdc291984b1e34965fac8201cac245114e2
backups/phase14_11G7_final_certified_20260811T213503Z/model_form/automatic_routing_evidence.py	3757	.py	f28df92e43f1d7b52edb58f35a597ae3f75df4595ef0c6ace333821bb1e9d4cb
backups/phase14_11G7_final_certified_20260811T213503Z/model_form/automatic_routing_policy.py	3954	.py	01dde179a3ad57306e5542580665bd5db20fc9e8c021324eb08c072e594f7b4c
backups/phase14_11G7_final_certified_20260811T213503Z/model_form/bindings.yaml	162	.yaml	74110afd51de7ceddd02948d0430b0f9f1b5443a6eaaaa0b8a6e4164a52b0583
backups/phase14_11G7_final_certified_20260811T213503Z/model_form/resolution.py	10800	.py	6a2eac1af3c15231bc93850ae5176d4f64b331017377d3ecef5e50b4a6df162c
backups/phase14_11G7_final_certified_20260811T213503Z/reasoning/control.py	16476	.py	097a6eee9386d1b4db4310308ff8e053f9fad11f787430d87896bf20975a5779
backups/phase14_11G7_final_certified_20260811T213503Z/resources/decision.py	3082	.py	f9bf6f48620efcc2973e48abfb1d035658934aff623f79b280da8c3d48208c57
backups/phase14_11G7_final_certified_20260811T213503Z/resources/model.py	4683	.py	7262ea30a432e8a454a4069f1d3b60e50e30600aa99308974e8f925877774da7
backups/phase14_11G7_final_certified_20260811T213503Z/runtime/task_session.py	352578	.py	fa174d6da050fbb072f3b031dbea38d3bfd6ea3d080d3b17786adc6eaa61f9da
backups/phase14_11G7_final_certified_20260811T213503Z/source_sha256.txt	1624	.txt	c42d3b28eb75f0be5af486763e8999205c8ed54a286a7a901fd4551132728ab1
backups/phase14_11G7_final_certified_20260811T213503Z/tests/test_model_form_automatic_router.py	16022	.py	c841d0890e9ee52a307b6e3ddefe4f2df9995b77cbe111078defaf469a5bbcd8
backups/phase14_11G7_final_certified_20260811T213503Z/tests/test_model_form_automatic_routing_retry_isolation.py	19202	.py	9d91e275185ffc9c77b553e5fd369b9c39d3b0f362d8babc1bdd5b6b5bde201c
backups/phase14_11G7_final_certified_20260811T213503Z/tests/test_model_form_governor_router_contract.py	12369	.py	8813e844ad814d56c520c8c4eec4fe57e4b3f6a3593a1d7530336adb7a6a40f7
backups/phase14_11G7_final_certified_20260811T213503Z/tests/test_model_form_governor_task_session_integration.py	17754	.py	9822a79a0485f75c8d8804917bc0104fb5bcfdc6d1f015ac475fcea7ee3406bc
backups/phase14_11G7_final_certified_20260811T213503Z/tests/test_model_form_retry_task_session_integration.py	21114	.py	b0ba1f9e8c6148cab49a94bc0ea1c49c1f7d9a68cb0138792e91d7aa8d44b417
backups/phase14_11H1_certified_20260811T220927Z/CHECKPOINT.txt	688	.txt	277fd0d2fddce5e36dc213402c75a64419dc6eb780313526632b6bed1e1e2649
backups/phase14_11H1_certified_20260811T220927Z/SHA256SUMS	347		92050bc7822c9558f9deeb5d2409b537b049dca27a52c1e6a34b9e382eac95e0
backups/phase14_11H1_certified_20260811T220927Z/colony/__init__.py	420	.py	d30320794660e19ce6cfd1e593d5d59c10a79f5b02d06f4512244a0018f0af38
backups/phase14_11H1_certified_20260811T220927Z/colony/identity.py	3417	.py	0b95f47bc0f4321f722a4b6b092a40238ef4193a91ccc40e963233b6a1be627a
backups/phase14_11H1_certified_20260811T220927Z/tests/test_colony_identity.py	4802	.py	9f5208300d2f60b8c683812ec44a75b2e834be86936ab3503fc0c0032f2d3f0b
backups/phase14_11H2_certified_20260811T221328Z/CHECKPOINT.txt	853	.txt	8ca789b0e0ff5eb7a0d7f087485962fab64ac2e4f4872823cd6504bbe56da5e9
backups/phase14_11H2_certified_20260811T221328Z/SHA256SUMS	279		4f5e5585c3d7b2fe41e7be7f61dfdfcb811d5b6e76481a2f4171a96cd07a3434
backups/phase14_11H2_certified_20260811T221328Z/colony/identity.py	3417	.py	0b95f47bc0f4321f722a4b6b092a40238ef4193a91ccc40e963233b6a1be627a
backups/phase14_11H2_certified_20260811T221328Z/tests/test_colony_runtime_session_isolation.py	6215	.py	e8a7e5cd6a7f9faa1381fa71ac8d33ba2dfc794f04f4f73a2233eb5174dae3bf
backups/phase14_11H3_certified_20260811T222253Z/CHECKPOINT.txt	942	.txt	fa38290105c541af593d76eccf34d68acc0af32c12d504f4f95a6ceeafdef76d
backups/phase14_11H3_certified_20260811T222253Z/SHA256SUMS	277		ffbf2d1363d3165ada9ab6ba0f5b7adbd42dd373b8dd0d0e9642ce0b39bdda30
backups/phase14_11H3_certified_20260811T222253Z/runtime/model_residency.py	3492	.py	a09e7c2a6203eafd8f1d748b65798d87d0b281635f0b2515addbba4027b7df63
backups/phase14_11H3_certified_20260811T222253Z/tests/test_colony_model_residency.py	4029	.py	168a39da7e9bb9926f2261950a59a031e34ff943db35903e54a498a45e90fcc8
backups/phase14_11H4_certified_20260811T222832Z/CHECKPOINT.txt	665	.txt	eb934b79824036425280b832653dfec501602b6b6232f8b8f04fccb8916cba37
backups/phase14_11H4_certified_20260811T222832Z/SHA256SUMS	186		5a9606cc1148ab3f3e495863c67bf7479a549b143c1a1188dd15d5da75e8fa83
backups/phase14_11H4_certified_20260811T222832Z/tests/test_colony_runtime_lifecycle.py	11058	.py	6a7a1c235b9bb9f4abb899f0c6e37067674e79a1e138fb80ca13dc2842ac265c
backups/phase14_11H4_certified_20260811T222903Z/CHECKPOINT.txt	665	.txt	eb934b79824036425280b832653dfec501602b6b6232f8b8f04fccb8916cba37
backups/phase14_11H4_certified_20260811T222903Z/SHA256SUMS	186		5a9606cc1148ab3f3e495863c67bf7479a549b143c1a1188dd15d5da75e8fa83
backups/phase14_11H4_certified_20260811T222903Z/tests/test_colony_runtime_lifecycle.py	11058	.py	6a7a1c235b9bb9f4abb899f0c6e37067674e79a1e138fb80ca13dc2842ac265c
backups/phase14_11H5G_T2_independent_certified_20260811T233533Z/CERTIFICATION.txt	697	.txt	11e43c3d7e377c77caeeca4ecfdb4bd79547244f1cbe7c4ce98ab71adc04b8aa
backups/phase14_11H5G_T2_independent_certified_20260811T233533Z/SHA256SUMS	160		69a5e7e39c66c04e88bfee0a3158460f92b79306d9f9f451161a33e82aeb4e7b
backups/phase14_11H5G_T2_independent_certified_20260811T233702Z/CERTIFICATION.txt	697	.txt	11e43c3d7e377c77caeeca4ecfdb4bd79547244f1cbe7c4ce98ab71adc04b8aa
backups/phase14_11H5G_T2_independent_certified_20260811T233702Z/SHA256SUMS	160		ee84c1fd4d1458a8a3e132d40c0d3d49e655127ad9b68d573d095a05b70c8dc3
backups/phase14_11H5G_certified_20260811T233141Z/CERTIFICATION.txt	1228	.txt	f00a83a1098974b669b612e6fded64becf9040f14b195639661c4f765571ee19
backups/phase14_11H5G_certified_20260811T233141Z/SHA256SUMS	985		291ec01f6cb07ed80a117f726d2b6b561daa35f780b3a694074bf4eb6ee6c757
backups/phase14_11H5G_certified_20260811T233141Z/colony/__init__.py	420	.py	d30320794660e19ce6cfd1e593d5d59c10a79f5b02d06f4512244a0018f0af38
backups/phase14_11H5G_certified_20260811T233141Z/colony/identity.py	3417	.py	0b95f47bc0f4321f722a4b6b092a40238ef4193a91ccc40e963233b6a1be627a
backups/phase14_11H5G_certified_20260811T233141Z/runtime/model_residency.py	3492	.py	a09e7c2a6203eafd8f1d748b65798d87d0b281635f0b2515addbba4027b7df63
backups/phase14_11H5G_certified_20260811T233141Z/runtime/task_session.py	359191	.py	d666cb1471b568bf43db4255f5e84e98c1ea502af467e1e2670e4a93dc364991
backups/phase14_11H5G_certified_20260811T233141Z/tests/test_colony_h5_integrated_isolation.py	10483	.py	c0ac6bb4cca9eaf737660d5c041218fccc9cd9a4a17468eecbf209db23db2f4b
backups/phase14_11H5G_certified_20260811T233141Z/tests/test_colony_identity.py	4802	.py	9f5208300d2f60b8c683812ec44a75b2e834be86936ab3503fc0c0032f2d3f0b
backups/phase14_11H5G_certified_20260811T233141Z/tests/test_colony_model_residency.py	4029	.py	168a39da7e9bb9926f2261950a59a031e34ff943db35903e54a498a45e90fcc8
backups/phase14_11H5G_certified_20260811T233141Z/tests/test_colony_runtime_lifecycle.py	11058	.py	6a7a1c235b9bb9f4abb899f0c6e37067674e79a1e138fb80ca13dc2842ac265c
backups/phase14_11H5G_certified_20260811T233141Z/tests/test_colony_runtime_session_isolation.py	6215	.py	e8a7e5cd6a7f9faa1381fa71ac8d33ba2dfc794f04f4f73a2233eb5174dae3bf
backups/phase14_11H6D_T2_independent_certified_20260811T234454Z/CERTIFICATION.txt	926	.txt	7fc2838026adde8f32803477f8d6c00399104d7b71c47ae69db383d6d6334bc9
backups/phase14_11H6D_T2_independent_certified_20260811T234454Z/SHA256SUMS	160		377be15b5f6f4f4439dca68649ba7350f85a614715b2149b368a573bab33957c
backups/phase14_11H6D_certified_20260811T234357Z/CERTIFICATION.txt	1405	.txt	b0f7ef8729ff7e4399a828fbb0d888a4bcfc75f0006c08389492573d15e62955
backups/phase14_11H6D_certified_20260811T234357Z/SHA256SUMS	1228		c7accd74f1ad6b6815cfb79f4475ab867cce24c07487e8dfe7c7e593ade74e91
backups/phase14_11H6D_certified_20260811T234357Z/colony/__init__.py	420	.py	d30320794660e19ce6cfd1e593d5d59c10a79f5b02d06f4512244a0018f0af38
backups/phase14_11H6D_certified_20260811T234357Z/colony/identity.py	3417	.py	0b95f47bc0f4321f722a4b6b092a40238ef4193a91ccc40e963233b6a1be627a
backups/phase14_11H6D_certified_20260811T234357Z/runtime/model_residency.py	3492	.py	a09e7c2a6203eafd8f1d748b65798d87d0b281635f0b2515addbba4027b7df63
backups/phase14_11H6D_certified_20260811T234357Z/runtime/task_session.py	359191	.py	d666cb1471b568bf43db4255f5e84e98c1ea502af467e1e2670e4a93dc364991
backups/phase14_11H6D_certified_20260811T234357Z/tests/test_colony_h5_integrated_isolation.py	10483	.py	c0ac6bb4cca9eaf737660d5c041218fccc9cd9a4a17468eecbf209db23db2f4b
backups/phase14_11H6D_certified_20260811T234357Z/tests/test_colony_h6_identity_resource_residency.py	6604	.py	64b06bcca60593f4f111946b6cc17711966e3c83773252ff3eb733a1a086412e
backups/phase14_11H6D_certified_20260811T234357Z/tests/test_colony_h6_lifecycle_resource_composition.py	6728	.py	f9d07b51af86929fa94ba6a3b57ee2479a72cb7a9d0ee59bf5ef6770f321b33b
backups/phase14_11H6D_certified_20260811T234357Z/tests/test_colony_identity.py	4802	.py	9f5208300d2f60b8c683812ec44a75b2e834be86936ab3503fc0c0032f2d3f0b
backups/phase14_11H6D_certified_20260811T234357Z/tests/test_colony_model_residency.py	4029	.py	168a39da7e9bb9926f2261950a59a031e34ff943db35903e54a498a45e90fcc8
backups/phase14_11H6D_certified_20260811T234357Z/tests/test_colony_runtime_lifecycle.py	11058	.py	6a7a1c235b9bb9f4abb899f0c6e37067674e79a1e138fb80ca13dc2842ac265c
backups/phase14_11H6D_certified_20260811T234357Z/tests/test_colony_runtime_session_isolation.py	6215	.py	e8a7e5cd6a7f9faa1381fa71ac8d33ba2dfc794f04f4f73a2233eb5174dae3bf
backups/phase14_11H7_final_certified_20260811T234518Z/CERTIFICATION.txt	3404	.txt	18c69cc373d01b57c65a5c4d92fb6a3fdc05ab74d19d6758eed166ebc30aeb80
backups/phase14_11H7_final_certified_20260811T234518Z/SHA256SUMS	2012		73d90d426ad095b61de405d88bdc93f52000be3bb772036a3773d552587a559c
backups/phase14_11H7_final_certified_20260811T234518Z/colony/__init__.py	420	.py	d30320794660e19ce6cfd1e593d5d59c10a79f5b02d06f4512244a0018f0af38
backups/phase14_11H7_final_certified_20260811T234518Z/colony/identity.py	3417	.py	0b95f47bc0f4321f722a4b6b092a40238ef4193a91ccc40e963233b6a1be627a
backups/phase14_11H7_final_certified_20260811T234518Z/prior_certifications/H5G_PRIMARY.txt	1228	.txt	f00a83a1098974b669b612e6fded64becf9040f14b195639661c4f765571ee19
backups/phase14_11H7_final_certified_20260811T234518Z/prior_certifications/H5G_T2.txt	697	.txt	11e43c3d7e377c77caeeca4ecfdb4bd79547244f1cbe7c4ce98ab71adc04b8aa
backups/phase14_11H7_final_certified_20260811T234518Z/prior_certifications/H6D_PRIMARY.txt	1405	.txt	b0f7ef8729ff7e4399a828fbb0d888a4bcfc75f0006c08389492573d15e62955
backups/phase14_11H7_final_certified_20260811T234518Z/prior_certifications/H6D_T2.txt	926	.txt	7fc2838026adde8f32803477f8d6c00399104d7b71c47ae69db383d6d6334bc9
backups/phase14_11H7_final_certified_20260811T234518Z/resources/model.py	4683	.py	7262ea30a432e8a454a4069f1d3b60e50e30600aa99308974e8f925877774da7
backups/phase14_11H7_final_certified_20260811T234518Z/resources/request_preparation.py	2442	.py	1e81e71ae3f6af7156ce7464fa5acacd84d37db6b827a5fa4de78993b3986549
backups/phase14_11H7_final_certified_20260811T234518Z/resources/requirement.py	3153	.py	4cebbfaa27e3360a5ec92edd311cd2f9424ee159c8a6c5c4bfa2a3335dc89f59
backups/phase14_11H7_final_certified_20260811T234518Z/runtime/model_residency.py	3492	.py	a09e7c2a6203eafd8f1d748b65798d87d0b281635f0b2515addbba4027b7df63
backups/phase14_11H7_final_certified_20260811T234518Z/runtime/session_store.py	7080	.py	3c3449fa878920ea27f39b6216cf38a687d09a08da1d5b57af68c1a2f4beb48f
backups/phase14_11H7_final_certified_20260811T234518Z/runtime/task_session.py	359191	.py	d666cb1471b568bf43db4255f5e84e98c1ea502af467e1e2670e4a93dc364991
backups/phase14_11H7_final_certified_20260811T234518Z/tests/test_colony_h5_integrated_isolation.py	10483	.py	c0ac6bb4cca9eaf737660d5c041218fccc9cd9a4a17468eecbf209db23db2f4b
backups/phase14_11H7_final_certified_20260811T234518Z/tests/test_colony_h6_identity_resource_residency.py	6604	.py	64b06bcca60593f4f111946b6cc17711966e3c83773252ff3eb733a1a086412e
backups/phase14_11H7_final_certified_20260811T234518Z/tests/test_colony_h6_lifecycle_resource_composition.py	6728	.py	f9d07b51af86929fa94ba6a3b57ee2479a72cb7a9d0ee59bf5ef6770f321b33b
backups/phase14_11H7_final_certified_20260811T234518Z/tests/test_colony_identity.py	4802	.py	9f5208300d2f60b8c683812ec44a75b2e834be86936ab3503fc0c0032f2d3f0b
backups/phase14_11H7_final_certified_20260811T234518Z/tests/test_colony_model_residency.py	4029	.py	168a39da7e9bb9926f2261950a59a031e34ff943db35903e54a498a45e90fcc8
backups/phase14_11H7_final_certified_20260811T234518Z/tests/test_colony_runtime_lifecycle.py	11058	.py	6a7a1c235b9bb9f4abb899f0c6e37067674e79a1e138fb80ca13dc2842ac265c
backups/phase14_11H7_final_certified_20260811T234518Z/tests/test_colony_runtime_session_isolation.py	6215	.py	e8a7e5cd6a7f9faa1381fa71ac8d33ba2dfc794f04f4f73a2233eb5174dae3bf
backups/phase14_11HB2_certified_20260811T230726Z/CERTIFICATION.txt	1236	.txt	ce5270dd9498006a632b41b2ab20d149daab95268bc2fc8c4e3c0efd5d91646b
backups/phase14_11HB2_certified_20260811T230726Z/SHA256SUMS	298		cb04d83aa272018e81df7162b0a57b54fecb66af6e2be061c4aa1925a69e4a2f
backups/phase14_11HB2_certified_20260811T230726Z/runtime/session_identity.py	2710	.py	8a1d668e898dc2df7b60fd5099be0cf42dd2d4c864cbe163164f0a061a777353
backups/phase14_11HB2_certified_20260811T230726Z/runtime/session_store.py	7080	.py	3c3449fa878920ea27f39b6216cf38a687d09a08da1d5b57af68c1a2f4beb48f
backups/phase14_11HB2_certified_20260811T230726Z/tests/test_colony_runtime_session_isolation.py	6215	.py	e8a7e5cd6a7f9faa1381fa71ac8d33ba2dfc794f04f4f73a2233eb5174dae3bf
backups/phase14_11HB3_certified_20260811T231202Z/CERTIFICATION.txt	1458	.txt	955147c04fd3c056150d1c716a63ad4d2ce93d67d1279617f2dfb7f9929e709f
backups/phase14_11HB3_certified_20260811T231202Z/SHA256SUMS	290		280cdc78f4f9d20306aaadc44056cc9a767df934886a3235f6aa8fd5d94afcaa
backups/phase14_11HB3_certified_20260811T231202Z/runtime/model_residency.py	3492	.py	a09e7c2a6203eafd8f1d748b65798d87d0b281635f0b2515addbba4027b7df63
backups/phase14_11HB3_certified_20260811T231202Z/runtime/session_identity.py	2710	.py	8a1d668e898dc2df7b60fd5099be0cf42dd2d4c864cbe163164f0a061a777353
backups/phase14_11HB3_certified_20260811T231202Z/tests/test_colony_model_residency.py	4029	.py	168a39da7e9bb9926f2261950a59a031e34ff943db35903e54a498a45e90fcc8
backups/phase14_11HB5_certified_20260811T231320Z/CERTIFICATION.txt	1633	.txt	d87944e4d7a289941938820361e04ffea4341b1899f25fef22db6ac19b05dd20
backups/phase14_11HB5_certified_20260811T231320Z/SHA256SUMS	887		957b067d70736a229647511c871aabe177dc3e053547742828f98f1f51bfb301
backups/phase14_11HB5_certified_20260811T231320Z/colony/identity.py	3417	.py	0b95f47bc0f4321f722a4b6b092a40238ef4193a91ccc40e963233b6a1be627a
backups/phase14_11HB5_certified_20260811T231320Z/runtime/model_residency.py	3492	.py	a09e7c2a6203eafd8f1d748b65798d87d0b281635f0b2515addbba4027b7df63
backups/phase14_11HB5_certified_20260811T231320Z/runtime/session_identity.py	2710	.py	8a1d668e898dc2df7b60fd5099be0cf42dd2d4c864cbe163164f0a061a777353
backups/phase14_11HB5_certified_20260811T231320Z/runtime/session_store.py	7080	.py	3c3449fa878920ea27f39b6216cf38a687d09a08da1d5b57af68c1a2f4beb48f
backups/phase14_11HB5_certified_20260811T231320Z/tests/test_colony_identifier_doctrine.py	6273	.py	1c547a22f911f015f70876ccc532e8db9a06db04daabbdb77c7318a8c2ecac53
backups/phase14_11HB5_certified_20260811T231320Z/tests/test_colony_identity.py	4802	.py	9f5208300d2f60b8c683812ec44a75b2e834be86936ab3503fc0c0032f2d3f0b
backups/phase14_11HB5_certified_20260811T231320Z/tests/test_colony_model_residency.py	4029	.py	168a39da7e9bb9926f2261950a59a031e34ff943db35903e54a498a45e90fcc8
backups/phase14_11HB5_certified_20260811T231320Z/tests/test_colony_runtime_lifecycle.py	11058	.py	6a7a1c235b9bb9f4abb899f0c6e37067674e79a1e138fb80ca13dc2842ac265c
backups/phase14_11HB5_certified_20260811T231320Z/tests/test_colony_runtime_session_isolation.py	6215	.py	e8a7e5cd6a7f9faa1381fa71ac8d33ba2dfc794f04f4f73a2233eb5174dae3bf
backups/phase14_11I1_B_independent_certified_20260811T235117Z/CERTIFICATION.txt	663	.txt	3593f21b0c230cbe42209d6e3fc7876525d8441febf791d39b186fd4d650e558
backups/phase14_11I1_B_independent_certified_20260811T235117Z/SHA256SUMS	397		c654b1a80d304b35f326a7636826695b991cfe3465e46569c871bd34e8f408cf
backups/phase14_11I9_B_independent_certified_20260812T003942Z/CERTIFICATION.txt	1308	.txt	6194fdb2e4376770a14f8b22323f0cb6c60f98829a23727d28054384b18d12c7
backups/phase14_11I9_B_independent_certified_20260812T003942Z/SHA256SUMS	1035		a1ee28038ce6cd52ece879a904a04a281ca857581ca6f964a69d7808192942ca
backups/phase14_11I9_final_certified_20260812T003738Z/CERTIFICATION.txt	2093	.txt	a5b22804ff3b650a3e3450918f54e15997da7a118456f2f076d5fa8a64cf6f13
backups/phase14_11I9_final_certified_20260812T003738Z/SHA256SUMS	893		9a5b5bc54756928f2f76ec0a8785c08531ec1a4379cab5a842b6943e560ce43b
backups/phase14_11I9_final_certified_20260812T003738Z/runtime/task_session.py	359191	.py	d666cb1471b568bf43db4255f5e84e98c1ea502af467e1e2670e4a93dc364991
backups/phase14_11I9_final_certified_20260812T003738Z/tests/test_fake_adapter_i2_session_commit.py	3195	.py	483a491991c96a69a6bb62fe6a019db9cbb60c7c859b5a8402a334ee75cdc79d
backups/phase14_11I9_final_certified_20260812T003738Z/tests/test_fake_adapter_i3_session_reuse.py	4411	.py	7910a5ec7f44996c0a40befa85a335fbd26ca51a5f4cbd71e9240ffe15741423
backups/phase14_11I9_final_certified_20260812T003738Z/tests/test_fake_adapter_i4_multi_context.py	3722	.py	c90c36f1a8e9889505df343a0b32f863b4469d286e82d5120c1c152942dc9b5d
backups/phase14_11I9_final_certified_20260812T003738Z/tests/test_model_form_automatic_routing_retry_isolation.py	19202	.py	9d91e275185ffc9c77b553e5fd369b9c39d3b0f362d8babc1bdd5b6b5bde201c
backups/phase14_11I9_final_certified_20260812T003738Z/tests/test_model_form_governor_task_session_integration.py	17754	.py	9822a79a0485f75c8d8804917bc0104fb5bcfdc6d1f015ac475fcea7ee3406bc
backups/phase14_11I9_final_certified_20260812T003738Z/tests/test_model_form_retry_task_session_integration.py	21114	.py	b0ba1f9e8c6148cab49a94bc0ea1c49c1f7d9a68cb0138792e91d7aa8d44b417
backups/phase14_11J1_real_small_certified_20260812T012516Z/CERTIFICATION.txt	871	.txt	784f4f55015ec930bdec014c463587e85a7a714b51d1c7704f1956bd037ffa04
backups/phase14_11J1_real_small_certified_20260812T012516Z/SHA256SUMS	369		6b04f9b36152e08311d39640d4f6976db374c0d6e009bb5b5a1022afb2c8d92b
backups/phase14_11J1_real_small_certified_20260812T012516Z/evidence/j1-real-small.log	1146	.log	35c042d396a14e6c47877942859e0af715f3d772f694c49c4271e426fd2e2567
backups/phase14_11J1_real_small_certified_20260812T012516Z/resources/live_providers.py	4931	.py	66e5956183cfe5a831a74fbdcbc40358fabab29f5a6eb92dc3c6e5726bf82649
backups/phase14_11J1_real_small_certified_20260812T012516Z/runtime/task_session.py	359191	.py	d666cb1471b568bf43db4255f5e84e98c1ea502af467e1e2670e4a93dc364991
backups/phase14_11J2_B_independent_certified_20260812T015719Z/CERTIFICATION.txt	1031	.txt	3a5ae27e487e7a099dd30e8cdd1c5209d221fa77321e3b494b81b109be11bce2
backups/phase14_11J2_B_independent_certified_20260812T015719Z/SHA256SUMS	158		11120800f249e39f29083d4c3a0f7dac9321edbee66fbc4fc4efebe9d1a49eee
backups/phase14_11J2_real_commit_certified_20260812T015243Z/CERTIFICATION.txt	1479	.txt	188214bbdd57a7b75435615b9ef8b233c6be4b5b4dbcea87cf38897469be57d5
backups/phase14_11J2_real_commit_certified_20260812T015243Z/SHA256SUMS	370		08f722f297a5079fb917ab81fde9f741e56204c6688ab7cd802680109d9ef9c2
backups/phase14_11J2_real_commit_certified_20260812T015243Z/evidence/j2-real-commit.log	978	.log	11f94f10adf101f608268f55859dec2765be0b11314647ab66cd68f1975f0aa9
backups/phase14_11J2_real_commit_certified_20260812T015243Z/resources/live_providers.py	7145	.py	40b49375dbe014b27b6fc5696bccf74274864e42953c473b42ffe10a3c552299
backups/phase14_11J2_real_commit_certified_20260812T015243Z/runtime/task_session.py	359191	.py	d666cb1471b568bf43db4255f5e84e98c1ea502af467e1e2670e4a93dc364991
backups/phase14_11J3_B_independent_certified_20260812T020403Z/CERTIFICATION.txt	1197	.txt	fcd063546dc830fe074d0aa2e1a7530ee02bc7b55f048dd1243370a53d0c22e2
backups/phase14_11J3_B_independent_certified_20260812T020403Z/SHA256SUMS	158		728cb34288b35c5c7cce4819c105e2048fc2e3686096b62f986f3c8a1b9f4d42
backups/phase14_11J3_real_reuse_certified_20260812T020325Z/CERTIFICATION.txt	1112	.txt	99aa3832607074ba3bde1e18e1d141c9a114151dab3b15d09883d92c637a50bf
backups/phase14_11J3_real_reuse_certified_20260812T020325Z/SHA256SUMS	369		bfd6de854f416a6d033b512478a86080066da34dbd093c5e420cbdecb5408863
backups/phase14_11J3_real_reuse_certified_20260812T020325Z/evidence/j3-real-reuse.log	661	.log	c85613e3aecd8e1dc9195decf1b6303013e6653268bfff4b99f213a4bbd41145
backups/phase14_11J3_real_reuse_certified_20260812T020325Z/resources/live_providers.py	7145	.py	40b49375dbe014b27b6fc5696bccf74274864e42953c473b42ffe10a3c552299
backups/phase14_11J3_real_reuse_certified_20260812T020325Z/runtime/task_session.py	359191	.py	d666cb1471b568bf43db4255f5e84e98c1ea502af467e1e2670e4a93dc364991
backups/phase14_11J4_B_independent_certified_20260812T021158Z/CERTIFICATION.txt	836	.txt	1a4b9f994fc05fd0f1bb9efd5c75c0afafcc3a624f285bcbc7ea2e62be740f57
backups/phase14_11J4_B_independent_certified_20260812T021158Z/SHA256SUMS	158		7c185d3643a293beb18aa9f665b67c5dede4dc481b4dd7cd709f0756ef4b27a9
backups/phase14_11J4_real_multicontext_certified_20260812T020937Z/CERTIFICATION.txt	1235	.txt	3f466a82f08caa26c1a8550b4ae06dc4fd7e7b9cbd9c14a2098a7b500d134a25
backups/phase14_11J4_real_multicontext_certified_20260812T020937Z/SHA256SUMS	376		3ce26a0cff803b483f28a7e002e7053f07cadae557d946b94a27a9060f52c8a4
backups/phase14_11J4_real_multicontext_certified_20260812T020937Z/evidence/j4-real-multicontext.log	890	.log	91e567d6c0586a0eb03e351ed6e320637c4b2e62e4cf69447821bc2ab2af8ed4
backups/phase14_11J4_real_multicontext_certified_20260812T020937Z/resources/live_providers.py	7145	.py	40b49375dbe014b27b6fc5696bccf74274864e42953c473b42ffe10a3c552299
backups/phase14_11J4_real_multicontext_certified_20260812T020937Z/runtime/task_session.py	359191	.py	d666cb1471b568bf43db4255f5e84e98c1ea502af467e1e2670e4a93dc364991
backups/phase14_11J5_B_independent_certified_20260812T084447Z/RESULT.txt	617	.txt	a37d571f0870cf54d5740d2c8cb3e456cf721a9a589ee3b001a1d3b3467d8865
backups/phase14_11J5_B_independent_certified_20260812T084447Z/SHA256SUMS	825		b05a5c0f838d5e5df6cf14a1b5711adfac4225fd6272113789bcc0b2ce5fe3ad
backups/phase14_11J5_B_independent_certified_20260812T084447Z/active-yaml-sha.txt	65	.txt	4faa8a48d1b144869fc521891478322894ddbedfc0799c275b50c59e4276f2fc
backups/phase14_11J5_B_independent_certified_20260812T084447Z/archive-integrity.txt	106	.txt	b96a2a6ef90a6f39dc87553f182c55baf4961e19231eb738948d3c5f8a9f1e0d
backups/phase14_11J5_B_independent_certified_20260812T084447Z/automatic-retry-isolation.txt	114	.txt	432e764160c5b06b41e1864e05386aaf72bcdcdfe2465d19c35fe57144567754
backups/phase14_11J5_B_independent_certified_20260812T084447Z/evidence-assertions.txt	949	.txt	610bf8add7c7111502287f0b3539455f38d94692fa14d10dc6dc2729d97d8112
backups/phase14_11J5_B_independent_certified_20260812T084447Z/production-integrity.txt	253	.txt	57c04dab1c5e7925658192809447d341d2a4f4e5644f06908b3aa16be904a084
backups/phase14_11J5_B_independent_certified_20260812T084447Z/real-recovery-evidence.txt	1106	.txt	90c5a0b240276db9382a551311ca2526bf41386aca76cc2188f1d0e518e16a6f
backups/phase14_11J5_B_independent_certified_20260812T084447Z/retry-task-session-integration.txt	106	.txt	74202dc09a3347400de94f86db7081b0c92ff6270bca74570c143aa53888e576
backups/phase14_11J5_B_independent_certified_20260812T084447Z/test-integrity.txt	147	.txt	a592a5ed47a73e6dfcbd416ad3ca5980a4265e896b67b967a33afe21357d06da
backups/phase14_11J5_real_recovery_certified_20260812T084348Z/PRODUCTION_SHA256SUMS	625		67c66ede487202868f42a3d9bf6219e192664f0616f2b0e5af553f87953b30f5
backups/phase14_11J5_real_recovery_certified_20260812T084348Z/RESULT.txt	776	.txt	59ee3a3ec095598ef9788c14ca9b2061a953fc363ce301f2ade3e85d8e88cc22
backups/phase14_11J5_real_recovery_certified_20260812T084348Z/SHA256SUMS	416		9030851ce86694b0af8793fba3a3eabc5955a9fa8af8d740eca9299ea20c341c
backups/phase14_11J5_real_recovery_certified_20260812T084348Z/TEST_SHA256SUMS	271		fc6b5fc4dad8472ee420e7445739af46bf5bf3dbb057361c024102586beb3663
backups/phase14_11J5_real_recovery_certified_20260812T084348Z/j5c4-real-stale-recovery.log	3973	.log	5f7d287267e352667f2e073026383349700a3972e9bf209e5fe2c557a284bc99
backups/phase14_11J5_real_recovery_certified_20260812T084348Z/j5c4.py	17397	.py	c682ea0b7c2c3bbd74e6393f86a44d332aaa0aed0535cac829663c2b0552a2d1
backups/phase14_11J6_A_integrated_real_small_certified_20260812T085401Z/ACTIVE_YAML_SHA256	65		4faa8a48d1b144869fc521891478322894ddbedfc0799c275b50c59e4276f2fc
backups/phase14_11J6_A_integrated_real_small_certified_20260812T085401Z/PRODUCTION_SHA256SUMS	625		67c66ede487202868f42a3d9bf6219e192664f0616f2b0e5af553f87953b30f5
backups/phase14_11J6_A_integrated_real_small_certified_20260812T085401Z/RESULT.txt	1270	.txt	a1455e4600c6acb9bb8333f9a4ee67a66d5021582dfc4aaf11106368d1d26aa0
backups/phase14_11J6_A_integrated_real_small_certified_20260812T085401Z/SHA256SUMS	1506		7dc47620edc2327fc5f44d8f085f6f3bf3126b3fe18eb93f2239625d23fa5976
backups/phase14_11J6_A_integrated_real_small_certified_20260812T085401Z/TEST_SHA256SUMS	1039		10a3c60299574a297478674abda4bcd85c8d5ce441191a2ebfb17c1945310530
backups/phase14_11J6_A_integrated_real_small_certified_20260812T085401Z/integration-regression.txt	4061	.txt	ceeb301f06ae443d9dbef48bac389d6de62321f38c8c772b05b02d7981845f20
backups/phase14_11J6_A_integrated_real_small_certified_20260812T085401Z/phase14_11J2_B_independent_certified_20260812T015719Z-CERTIFICATION.txt	1031	.txt	3a5ae27e487e7a099dd30e8cdd1c5209d221fa77321e3b494b81b109be11bce2
backups/phase14_11J6_A_integrated_real_small_certified_20260812T085401Z/phase14_11J2_B_independent_certified_20260812T015719Z-integrity.txt	295	.txt	a39005c18bb2293073dca11e79eecd7e7259bc014038a301d07774de1d2e496c
backups/phase14_11J6_A_integrated_real_small_certified_20260812T085401Z/phase14_11J3_B_independent_certified_20260812T020403Z-CERTIFICATION.txt	1197	.txt	fcd063546dc830fe074d0aa2e1a7530ee02bc7b55f048dd1243370a53d0c22e2
backups/phase14_11J6_A_integrated_real_small_certified_20260812T085401Z/phase14_11J3_B_independent_certified_20260812T020403Z-integrity.txt	295	.txt	f66de2e489539fe0024875800845cc77894d51c56893fc4272e76004c9f5c309
backups/phase14_11J6_A_integrated_real_small_certified_20260812T085401Z/phase14_11J4_B_independent_certified_20260812T021158Z-CERTIFICATION.txt	836	.txt	1a4b9f994fc05fd0f1bb9efd5c75c0afafcc3a624f285bcbc7ea2e62be740f57
backups/phase14_11J6_A_integrated_real_small_certified_20260812T085401Z/phase14_11J4_B_independent_certified_20260812T021158Z-integrity.txt	295	.txt	4f06ea312475ad0e34004f18ca05d14576343bc166e94366860b921a057263c2
backups/phase14_11J6_A_integrated_real_small_certified_20260812T085401Z/phase14_11J5_B_independent_certified_20260812T084447Z-RESULT.txt	617	.txt	a37d571f0870cf54d5740d2c8cb3e456cf721a9a589ee3b001a1d3b3467d8865
backups/phase14_11J6_A_integrated_real_small_certified_20260812T085401Z/phase14_11J5_B_independent_certified_20260812T084447Z-integrity.txt	267	.txt	2b05b6a12a22d3fe4118eabe4a0ea6669046b57a256f721bfae5fbfd981a5fee
backups/phase14_11J6_A_integrated_real_small_certified_20260812T090301Z/ACTIVE_YAML_SHA256	65		4faa8a48d1b144869fc521891478322894ddbedfc0799c275b50c59e4276f2fc
backups/phase14_11J6_A_integrated_real_small_certified_20260812T090301Z/PRODUCTION_SHA256SUMS	625		67c66ede487202868f42a3d9bf6219e192664f0616f2b0e5af553f87953b30f5
backups/phase14_11J6_A_integrated_real_small_certified_20260812T090301Z/RESULT.txt	1006	.txt	90c5d2412a3b35446a68696c00786dfa574570383a1833aaeaeaed0b14309794
backups/phase14_11J6_A_integrated_real_small_certified_20260812T090301Z/SHA256SUMS	1506		678e8f537e77c9623920d95b69b8a58a6af6a926c6b6b2ccee58563a23e8affe
backups/phase14_11J6_A_integrated_real_small_certified_20260812T090301Z/TEST_SHA256SUMS	1039		10a3c60299574a297478674abda4bcd85c8d5ce441191a2ebfb17c1945310530
backups/phase14_11J6_A_integrated_real_small_certified_20260812T090301Z/integration-regression.txt	4061	.txt	41cc2fe0849823ee5165cd6d5dcc915c6733eef0bb3101e7783329ae4876e880
backups/phase14_11J6_A_integrated_real_small_certified_20260812T090301Z/phase14_11J2_B_independent_certified_20260812T015719Z-CERTIFICATION.txt	1031	.txt	3a5ae27e487e7a099dd30e8cdd1c5209d221fa77321e3b494b81b109be11bce2
backups/phase14_11J6_A_integrated_real_small_certified_20260812T090301Z/phase14_11J2_B_independent_certified_20260812T015719Z-integrity.txt	120	.txt	e27226823591f7fb74f9e02ddaba539f8d1f974612ed20680f960ddb3b8ce4cd
backups/phase14_11J6_A_integrated_real_small_certified_20260812T090301Z/phase14_11J3_B_independent_certified_20260812T020403Z-CERTIFICATION.txt	1197	.txt	fcd063546dc830fe074d0aa2e1a7530ee02bc7b55f048dd1243370a53d0c22e2
backups/phase14_11J6_A_integrated_real_small_certified_20260812T090301Z/phase14_11J3_B_independent_certified_20260812T020403Z-integrity.txt	120	.txt	0fef9e12a8d26ccec8b6990c9c86537e7ada1d1dfe62e2912952e083820b6a3c
backups/phase14_11J6_A_integrated_real_small_certified_20260812T090301Z/phase14_11J4_B_independent_certified_20260812T021158Z-CERTIFICATION.txt	836	.txt	1a4b9f994fc05fd0f1bb9efd5c75c0afafcc3a624f285bcbc7ea2e62be740f57
backups/phase14_11J6_A_integrated_real_small_certified_20260812T090301Z/phase14_11J4_B_independent_certified_20260812T021158Z-integrity.txt	120	.txt	b4e2e3359cb45d8f46d7b349ec9f24d8c56fd04e8ac62c6688e7e91e7d97ac3a
backups/phase14_11J6_A_integrated_real_small_certified_20260812T090301Z/phase14_11J5_B_independent_certified_20260812T084447Z-RESULT.txt	617	.txt	a37d571f0870cf54d5740d2c8cb3e456cf721a9a589ee3b001a1d3b3467d8865
backups/phase14_11J6_A_integrated_real_small_certified_20260812T090301Z/phase14_11J5_B_independent_certified_20260812T084447Z-integrity.txt	492	.txt	a13e2dd1fe6b5fe914ec2bc00bbc7b1a877fb184f422ce3d5f3ccdb1be080f63
backups/phase14_11J6_B_independent_certified_20260812T090435Z/ACTIVE_YAML_SHA256	65		4faa8a48d1b144869fc521891478322894ddbedfc0799c275b50c59e4276f2fc
backups/phase14_11J6_B_independent_certified_20260812T090435Z/A_RESULT.txt	1006	.txt	90c5d2412a3b35446a68696c00786dfa574570383a1833aaeaeaed0b14309794
backups/phase14_11J6_B_independent_certified_20260812T090435Z/PRODUCTION_SHA256SUMS	625		67c66ede487202868f42a3d9bf6219e192664f0616f2b0e5af553f87953b30f5
backups/phase14_11J6_B_independent_certified_20260812T090435Z/RESULT.txt	704	.txt	a46d275e612d35e736126dee90f39585d4b7e9c1fd0ca6abce7b42a465dc2d75
backups/phase14_11J6_B_independent_certified_20260812T090435Z/SHA256SUMS	422		55651b4ed7c51ba111625a275fb054e15eed916951a4db2c373831dfc6b92ff6
backups/phase14_11J6_B_independent_certified_20260812T090435Z/independent-regression.txt	4061	.txt	ceeb301f06ae443d9dbef48bac389d6de62321f38c8c772b05b02d7981845f20
backups/phase14_11J6_integrated_real_small_certified_20260812T084618Z/integration-regression.txt	833	.txt	3dfb0f961fb32ddc7549c74de2c1755cfdd935b82aa2a9c56ce0a44f09f6ccf4
backups/phase14_11J6_integrated_real_small_certified_20260812T084618Z/phase14_11J2_B_independent_certified_20260812T015719Z-integrity.txt	295	.txt	994b44553dec0aa955727722d0ece660e1708203ce1cfb56e06fd50dada1fdaf
backups/phase14_11J6_integrated_real_small_certified_20260812T084618Z/phase14_11J3_B_independent_certified_20260812T020403Z-integrity.txt	295	.txt	ebbc7e497f2df61dc7f794b3f5e9542aabd95a1995afa51be0e58b59cb37d644
backups/phase14_11J6_integrated_real_small_certified_20260812T084618Z/phase14_11J4_B_independent_certified_20260812T021158Z-integrity.txt	295	.txt	d9d5d12c221f24bdd1644fab3eb20501a72881c07399af6b5ecb49fb0668a887
backups/phase14_11J6_integrated_real_small_certified_20260812T084618Z/phase14_11J5_B_independent_certified_20260812T084447Z-RESULT.txt	617	.txt	a37d571f0870cf54d5740d2c8cb3e456cf721a9a589ee3b001a1d3b3467d8865
backups/phase14_11J6_integrated_real_small_certified_20260812T084618Z/phase14_11J5_B_independent_certified_20260812T084447Z-integrity.txt	267	.txt	2b05b6a12a22d3fe4118eabe4a0ea6669046b57a256f721bfae5fbfd981a5fee
backups/phase14_11J6_integrated_real_small_certified_20260812T084628Z/integration-regression.txt	833	.txt	3dfb0f961fb32ddc7549c74de2c1755cfdd935b82aa2a9c56ce0a44f09f6ccf4
backups/phase14_11J6_integrated_real_small_certified_20260812T084628Z/phase14_11J2_B_independent_certified_20260812T015719Z-integrity.txt	295	.txt	994b44553dec0aa955727722d0ece660e1708203ce1cfb56e06fd50dada1fdaf
backups/phase14_11J6_integrated_real_small_certified_20260812T084628Z/phase14_11J3_B_independent_certified_20260812T020403Z-integrity.txt	295	.txt	ebbc7e497f2df61dc7f794b3f5e9542aabd95a1995afa51be0e58b59cb37d644
backups/phase14_11J6_integrated_real_small_certified_20260812T084628Z/phase14_11J4_B_independent_certified_20260812T021158Z-integrity.txt	295	.txt	d9d5d12c221f24bdd1644fab3eb20501a72881c07399af6b5ecb49fb0668a887
backups/phase14_11J6_integrated_real_small_certified_20260812T084628Z/phase14_11J5_B_independent_certified_20260812T084447Z-RESULT.txt	617	.txt	a37d571f0870cf54d5740d2c8cb3e456cf721a9a589ee3b001a1d3b3467d8865
backups/phase14_11J6_integrated_real_small_certified_20260812T084628Z/phase14_11J5_B_independent_certified_20260812T084447Z-integrity.txt	267	.txt	2b05b6a12a22d3fe4118eabe4a0ea6669046b57a256f721bfae5fbfd981a5fee
backups/phase14_11J6_integrated_real_small_certified_20260812T084644Z/integration-regression.txt	833	.txt	3dfb0f961fb32ddc7549c74de2c1755cfdd935b82aa2a9c56ce0a44f09f6ccf4
backups/phase14_11J6_integrated_real_small_certified_20260812T084644Z/phase14_11J2_B_independent_certified_20260812T015719Z-integrity.txt	295	.txt	994b44553dec0aa955727722d0ece660e1708203ce1cfb56e06fd50dada1fdaf
backups/phase14_11J6_integrated_real_small_certified_20260812T084644Z/phase14_11J3_B_independent_certified_20260812T020403Z-integrity.txt	295	.txt	ebbc7e497f2df61dc7f794b3f5e9542aabd95a1995afa51be0e58b59cb37d644
backups/phase14_11J6_integrated_real_small_certified_20260812T084644Z/phase14_11J4_B_independent_certified_20260812T021158Z-integrity.txt	295	.txt	d9d5d12c221f24bdd1644fab3eb20501a72881c07399af6b5ecb49fb0668a887
backups/phase14_11J6_integrated_real_small_certified_20260812T084644Z/phase14_11J5_B_independent_certified_20260812T084447Z-RESULT.txt	617	.txt	a37d571f0870cf54d5740d2c8cb3e456cf721a9a589ee3b001a1d3b3467d8865
backups/phase14_11J6_integrated_real_small_certified_20260812T084644Z/phase14_11J5_B_independent_certified_20260812T084447Z-integrity.txt	267	.txt	2b05b6a12a22d3fe4118eabe4a0ea6669046b57a256f721bfae5fbfd981a5fee
backups/phase14_11J7_final_certified_20260812T090615Z/ACTIVE_YAML_SHA256	65		4faa8a48d1b144869fc521891478322894ddbedfc0799c275b50c59e4276f2fc
backups/phase14_11J7_final_certified_20260812T090615Z/PRODUCTION_SHA256SUMS	625		67c66ede487202868f42a3d9bf6219e192664f0616f2b0e5af553f87953b30f5
backups/phase14_11J7_final_certified_20260812T090615Z/RESULT.txt	951	.txt	2b15886918655107eb42580f3d389b586decda43808ca264be5ca1da64246b4d
backups/phase14_11J7_final_certified_20260812T090615Z/SHA256SUMS	1016		119027b2eed830fd0463080c075801da375cc5060a898beedeadfcaff2d5c191
backups/phase14_11J7_final_certified_20260812T090615Z/SOURCE_CERTIFICATES.txt	370	.txt	af746f0acb1bf3e68be93034d7343a587109dfc0ea4f9a305294de1593e403e5
backups/phase14_11J7_final_certified_20260812T090615Z/phase14_11J2_B_independent_certified_20260812T015719Z-CERTIFICATION.txt	1031	.txt	3a5ae27e487e7a099dd30e8cdd1c5209d221fa77321e3b494b81b109be11bce2
backups/phase14_11J7_final_certified_20260812T090615Z/phase14_11J3_B_independent_certified_20260812T020403Z-CERTIFICATION.txt	1197	.txt	fcd063546dc830fe074d0aa2e1a7530ee02bc7b55f048dd1243370a53d0c22e2
backups/phase14_11J7_final_certified_20260812T090615Z/phase14_11J4_B_independent_certified_20260812T021158Z-CERTIFICATION.txt	836	.txt	1a4b9f994fc05fd0f1bb9efd5c75c0afafcc3a624f285bcbc7ea2e62be740f57
backups/phase14_11J7_final_certified_20260812T090615Z/phase14_11J5_B_independent_certified_20260812T084447Z-RESULT.txt	617	.txt	a37d571f0870cf54d5740d2c8cb3e456cf721a9a589ee3b001a1d3b3467d8865
backups/phase14_11J7_final_certified_20260812T090615Z/phase14_11J6_B_independent_certified_20260812T090435Z-RESULT.txt	704	.txt	a46d275e612d35e736126dee90f39585d4b7e9c1fd0ca6abce7b42a465dc2d75
backups/phase14_11K1_B_independent_certified_20260812T105820Z/CERTIFICATION.txt	1543	.txt	9607685f91e4fc46c33c8e490f993573dbe72563c830273e1116bbaed09f8d72
backups/phase14_11K1_B_independent_certified_20260812T105820Z/PRODUCTION_SHA256.txt	721	.txt	979426b1a4c4b15ab871f171e05cfb6036f91ae9e708967351fe12934b923cc6
backups/phase14_11K1_B_independent_certified_20260812T105820Z/RUNTIME_OBSERVATION.txt	137	.txt	898f94606de3d5be24d8192365ea7902aef76d5b21a62652c35a518ec7300a04
backups/phase14_11K1_B_independent_certified_20260812T105820Z/SHA256SUMS	268		94c06e1c34b4e03f4fe6e8eb9452405bb65a8c57f24e131d0dae2c9cd570ade4
backups/phase14_11K1_big_binding_certified_20260812T104656Z/ACTIVE_YAML_SHA256	65		4faa8a48d1b144869fc521891478322894ddbedfc0799c275b50c59e4276f2fc
backups/phase14_11K1_big_binding_certified_20260812T104656Z/BINDINGS.yaml	162	.yaml	74110afd51de7ceddd02948d0430b0f9f1b5443a6eaaaa0b8a6e4164a52b0583
backups/phase14_11K1_big_binding_certified_20260812T104656Z/LLAMA_SERVER_PROCESSES.txt	1	.txt	01ba4719c80b6fe911b091a7c05124b64eeece964e09c058ef8f9805daca546b
backups/phase14_11K1_big_binding_certified_20260812T104656Z/OLLAMA_PS.txt	53	.txt	e3bd0fe8f9ac39f92c095af0d4c5e8d3277a83f56cba6a9bafe00cef52061584
backups/phase14_11K1_big_binding_certified_20260812T104656Z/PRODUCTION_SHA256SUMS	625		67c66ede487202868f42a3d9bf6219e192664f0616f2b0e5af553f87953b30f5
backups/phase14_11K1_big_binding_certified_20260812T104656Z/RESULT.txt	716	.txt	52eaabfa6abcc92474f6b10233026abb21dc431e80b4dbbb001dff692206c840
backups/phase14_11K1_big_binding_certified_20260812T104656Z/SHA256SUMS	503		fd40f2f7120b598d391eede2ebdd9f8b0de30b8e9d3d7174ba32bf6ca077ac9f
backups/phase14_11K6_zero_side_effect_certified_20260812T111048Z/HERMES_SERVICE.txt	48	.txt	936dbefb1803e3f778d170562a80210e0e50aa9acd91eeaeb1ac610978d1ed79
backups/phase14_11K6_zero_side_effect_certified_20260812T111048Z/LLAMA_SERVER_PROCESSES.txt	1	.txt	01ba4719c80b6fe911b091a7c05124b64eeece964e09c058ef8f9805daca546b
backups/phase14_11K6_zero_side_effect_certified_20260812T111048Z/OLLAMA_PS.txt	53	.txt	e3bd0fe8f9ac39f92c095af0d4c5e8d3277a83f56cba6a9bafe00cef52061584
backups/phase14_11K6_zero_side_effect_certified_20260812T111048Z/PRODUCTION_SHA256SUMS	625		67c66ede487202868f42a3d9bf6219e192664f0616f2b0e5af553f87953b30f5
backups/phase14_11K6_zero_side_effect_certified_20260812T111048Z/RESULT.txt	777	.txt	bcc553815b2a7d12501a0a0ff796e7a12cccddd58d2f2ce898210be15d6cc546
backups/phase14_11K6_zero_side_effect_certified_20260812T111048Z/RUNTIME_SOCKETS.txt	1	.txt	01ba4719c80b6fe911b091a7c05124b64eeece964e09c058ef8f9805daca546b
backups/phase14_11K6_zero_side_effect_certified_20260812T111048Z/SHA256SUMS	509		52c4116f7188c580853fa542da023d16ff675c0ea247900f653e32aaa7b6e52f
backups/phase14_11K7_A_integrated_certified_20260812T111249Z/ACTIVE_YAML_SHA256	65		4faa8a48d1b144869fc521891478322894ddbedfc0799c275b50c59e4276f2fc
backups/phase14_11K7_A_integrated_certified_20260812T111249Z/K5B_STRUCTURAL.txt	447	.txt	665bbb4844a552bcfd507dfa38b006864dacccac03e381d57ecd60eb191d3962
backups/phase14_11K7_A_integrated_certified_20260812T111249Z/LLAMA_SERVER.txt	1	.txt	01ba4719c80b6fe911b091a7c05124b64eeece964e09c058ef8f9805daca546b
backups/phase14_11K7_A_integrated_certified_20260812T111249Z/OLLAMA_PS.txt	53	.txt	e3bd0fe8f9ac39f92c095af0d4c5e8d3277a83f56cba6a9bafe00cef52061584
backups/phase14_11K7_A_integrated_certified_20260812T111249Z/PRODUCTION_SHA256SUMS	625		67c66ede487202868f42a3d9bf6219e192664f0616f2b0e5af553f87953b30f5
backups/phase14_11K7_A_integrated_certified_20260812T111249Z/REGRESSION.txt	1546	.txt	be37b074a7b648b43b2c83cd4bf2dd8a8321a7328037a0c3197a714244bcd0b8
backups/phase14_11K7_A_integrated_certified_20260812T111249Z/RESULT.txt	1080	.txt	0cff26a1ea9f220c2c217cd605bffe2d3556ab21aff29cc63c333faecaf98e47
backups/phase14_11K7_A_integrated_certified_20260812T111249Z/SHA256SUMS	661		95a262dc6827ea73aa9a9b29c89430aa4f555eb148169d4a119465108abc4177
backups/phase14_11K7_A_integrated_certified_20260812T111249Z/TEST_SHA256SUMS	589		bb507bb8646a31b637483e6f19a6adce3a09b235f53df7eda605cc89aaa5e4a2
backups/phase14_11K7_B_independent_certified_20260812T112930Z/CERTIFICATION.txt	2005	.txt	09fb08f7bb013b5c3964399d693222dd13e4c80eac2c708969bdbe7f7ac1efd2
backups/phase14_11K7_B_independent_certified_20260812T112930Z/PRODUCTION_SHA256.txt	721	.txt	979426b1a4c4b15ab871f171e05cfb6036f91ae9e708967351fe12934b923cc6
backups/phase14_11K7_B_independent_certified_20260812T112930Z/RUNTIME_AFTER.txt	137	.txt	898f94606de3d5be24d8192365ea7902aef76d5b21a62652c35a518ec7300a04
backups/phase14_11K7_B_independent_certified_20260812T112930Z/RUNTIME_BEFORE.txt	137	.txt	898f94606de3d5be24d8192365ea7902aef76d5b21a62652c35a518ec7300a04
backups/phase14_11K7_B_independent_certified_20260812T112930Z/SHA256SUMS	518		be57f39b94dec010499cd304f1713b6e20e23faa1c1c48bfdeed662966a72a69
backups/phase14_11K7_B_independent_certified_20260812T112930Z/TEST_RESULTS.txt	1449	.txt	a5285d736b7659860d0d78be90388983513a02bb8a4fed7899f76ab2828ce737
backups/phase14_11K7_B_independent_certified_20260812T112930Z/TEST_SHA256.txt	494	.txt	b59fc8db55706278780eae15f0b6a837465815520a5d4deaa8baa4d691a06d7f
backups/phase14_11K8_final_certified_20260812T113747Z/ACTIVE_YAML_SHA256	65		4faa8a48d1b144869fc521891478322894ddbedfc0799c275b50c59e4276f2fc
backups/phase14_11K8_final_certified_20260812T113747Z/CERTIFICATE_CHAIN.txt	688	.txt	01f8a49932837e5ecaf174e18700b7272e7f4bb29db730886b180949d30b5e94
backups/phase14_11K8_final_certified_20260812T113747Z/PRODUCTION_SHA256SUMS	625		67c66ede487202868f42a3d9bf6219e192664f0616f2b0e5af553f87953b30f5
backups/phase14_11K8_final_certified_20260812T113747Z/RESULT.txt	1411	.txt	7579b14a0d2610685a4a9c6cec2673b6dfa865fa628cf6d1ad439a361f173d9f
backups/phase14_11K8_final_certified_20260812T113747Z/SHA256SUMS	338		1d5d4d6f2f995a61ad04b7dc3bd9217f72c113334d5f04bc6729242d38ad6e30
backups/phase14_11L0_foundation_certified_20260812T112730Z/ARTIFACT_SHA256SUMS	333		6b94c2b039b800014e23a1e75e4391dea5742b450c11059f0e7e408649399ffe
backups/phase14_11L0_foundation_certified_20260812T112730Z/ENVIRONMENT.json	337	.json	2f217381f658a8b62c5595a836212f5328f5f9a6c3ba22d9c5e287ab21ea5f20
backups/phase14_11L0_foundation_certified_20260812T112730Z/RESULT.txt	785	.txt	acf99e57b639c439fbf2ee089b3b047fc85cae5b5a35ae990c547c5b6a956908
backups/phase14_11L0_foundation_certified_20260812T112730Z/SHA256SUMS	322		ffd18ca0ea9a0f18b529da1bc535afc023f4f16209629c264ed3124a3ec45d02
backups/phase14_11L0_foundation_certified_20260812T112730Z/TESTS.txt	1695	.txt	b0ffbc99b29a5d713e24829bb6bfa435b6b55fc67813e56251881bc2ab55a3b1
backups/phase14_11L10_A_sustained_certified_20260813T033046Z/CERTIFICATION.md	1571	.md	fa59a3501e679fb547c56fae7fc1fd4c372e872ea4948cf87ac1cd217eed0a86
backups/phase14_11L10_A_sustained_certified_20260813T033046Z/MANIFEST.sha256	936	.sha256	3dccc25349079a1dc2ce79f9be5f66506e0c1f9eed3b59ebe4a10152378736e0
backups/phase14_11L10_A_sustained_certified_20260813T033046Z/benchmarks/l10_sustained_session_raw.json	15787	.json	e592c4ff7fa339b18a977cd1da0412a74035caee6c8f16a403f1b51a0697f6f7
backups/phase14_11L10_A_sustained_certified_20260813T033046Z/benchmarks/l10_sustained_session_summary.json	3977	.json	99884aff29cba88c8057f916b83b6dad537aa26a29e850737ca471942454fd46
backups/phase14_11L10_A_sustained_certified_20260813T033046Z/certification/analyze_sustained_session.py	22509	.py	7a9a5800159f63791108bf77fa7c95467c1fa8190dab7164829fe889d035ad9d
backups/phase14_11L10_A_sustained_certified_20260813T033046Z/certification/sustained_session_benchmark.py	22621	.py	f2397758642dd7c51c2240608df4846dfc8ee80258abf11619e392fa34a3bed4
backups/phase14_11L10_A_sustained_certified_20260813T033046Z/source_snapshots/hermes.py	49088	.py	a09949eead5cb9772aca312c91630703c7ff8ce43df778730279445b25635084
backups/phase14_11L10_A_sustained_certified_20260813T033046Z/source_snapshots/l4_reuse_trial1.py	10461	.py	ce343935d5c8078d3c9f802609d662a2650f9a4e269b1f209967f3aac7a5d9dd
backups/phase14_11L10_A_sustained_certified_20260813T033046Z/source_snapshots/live_providers.py	7145	.py	40b49375dbe014b27b6fc5696bccf74274864e42953c473b42ffe10a3c552299
backups/phase14_11L10_A_sustained_certified_20260813T033046Z/source_snapshots/task_session.py	359191	.py	d666cb1471b568bf43db4255f5e84e98c1ea502af467e1e2670e4a93dc364991
backups/phase14_11L10_B_independent_certified_20260813T033550Z/CERTIFICATION.md	1528	.md	3a1f2ecb7929c7eba269ef99acdab314a45208256890b936a575506a17a95b01
backups/phase14_11L10_B_independent_certified_20260813T033550Z/MANIFEST.sha256	593	.sha256	1320e8271b1e130903049802fa51713cd889be433b7ca0f15e3f4b6a67327830
backups/phase14_11L10_B_independent_certified_20260813T033550Z/a_anchor/A_CERTIFICATION.md	1571	.md	fa59a3501e679fb547c56fae7fc1fd4c372e872ea4948cf87ac1cd217eed0a86
backups/phase14_11L10_B_independent_certified_20260813T033550Z/a_anchor/A_MANIFEST.sha256	936	.sha256	3dccc25349079a1dc2ce79f9be5f66506e0c1f9eed3b59ebe4a10152378736e0
backups/phase14_11L10_B_independent_certified_20260813T033550Z/a_anchor/A_SUSTAINED_SUMMARY.json	3977	.json	99884aff29cba88c8057f916b83b6dad537aa26a29e850737ca471942454fd46
backups/phase14_11L10_B_independent_certified_20260813T033550Z/certification/independent_certify.py	29864	.py	269bbaedcd63842d8be223b0c84b52a9e22232cc89822bc3e75ff47591615264
backups/phase14_11L10_B_independent_certified_20260813T033550Z/report/l10_independent_certification.json	3645	.json	a849302391fd5d91159b1c9409b80e3f1f5ac11108eaaf46145cc8fa83365e84
backups/phase14_11L1_B_independent_certified_20260812T122013Z/ARTIFACT_SHA256.txt	384	.txt	9621637709596dd3a87f106e27bdd7e45ffb21c7016051a49b089d1e01622a32
backups/phase14_11L1_B_independent_certified_20260812T122013Z/CERTIFICATION.txt	2142	.txt	cf94972c358ac96b5deab3a07ff35c190c74fdd7a908d75bb6d34acf50f03a02
backups/phase14_11L1_B_independent_certified_20260812T122013Z/PRODUCTION_SHA256.txt	721	.txt	979426b1a4c4b15ab871f171e05cfb6036f91ae9e708967351fe12934b923cc6
backups/phase14_11L1_B_independent_certified_20260812T122013Z/RECOMPUTED_STATS.json	412	.json	807746da0f2079ea8600aa4dab842bd7162de4f903648fffbaee5b0e9a04f67a
backups/phase14_11L1_B_independent_certified_20260812T122013Z/SHA256SUMS	354		0d4d6b6658e3f0b80bc8c8dbfc569ef7d9210fdbf3d5ac08b1af034e99f457e2
backups/phase14_11L2_A_cold_small_certified_20260812T122635Z/ACTIVE_YAML_SHA256.txt	65	.txt	4faa8a48d1b144869fc521891478322894ddbedfc0799c275b50c59e4276f2fc
backups/phase14_11L2_A_cold_small_certified_20260812T122635Z/PRODUCTION_SHA256.txt	625	.txt	67c66ede487202868f42a3d9bf6219e192664f0616f2b0e5af553f87953b30f5
backups/phase14_11L2_A_cold_small_certified_20260812T122635Z/RESULT.txt	648	.txt	8d08c9c2859fc86c0c3e18a1b05144cdbe02e140806e0824020bc7a6acadc937
backups/phase14_11L2_A_cold_small_certified_20260812T122635Z/SHA256SUMS	411		d4cb2ff5b3b70cda40c786be6040063ade6f02ff021d917a0434a5acd802a8f1
backups/phase14_11L2_A_cold_small_certified_20260812T122635Z/SUMMARY.json	411	.json	984db2ed6d9a1b7fa8b6d18e38e20cb53bbe02b86e51b4f0a750ce200f0b4c98
backups/phase14_11L2_A_cold_small_certified_20260812T122635Z/TRIALS.json	960	.json	d9e07d0105769b99b1d3596956b67fa0a58013553bf47ed7bf725441718b421d
backups/phase14_11L2_B_independent_certified_20260812T123909Z/ARTIFACT_SHA256.txt	656	.txt	a06434065992408c5a988dfe1525b3a255c982246cc1274c674c0b1d7bb8c227
backups/phase14_11L2_B_independent_certified_20260812T123909Z/CERTIFICATION.txt	3238	.txt	0aa1ab1bfb3660ce1c19f6f2986f583d948b9da7e9158c03f256d48f0ec7b220
backups/phase14_11L2_B_independent_certified_20260812T123909Z/PREPARED_CERTIFIER_OUTPUT.txt	4704	.txt	c9f44a8b43d827e8990ff7b2b6acd24a36e3c96b37043280124ecc72bda4fccb
backups/phase14_11L2_B_independent_certified_20260812T123909Z/PRODUCTION_SHA256.txt	721	.txt	979426b1a4c4b15ab871f171e05cfb6036f91ae9e708967351fe12934b923cc6
backups/phase14_11L2_B_independent_certified_20260812T123909Z/RECOMPUTED_STATS.json	1487	.json	3f289bb8834745907abddae40e5c85dbcfb30e9574a5da3ec2f63cc5c5d63f4f
backups/phase14_11L2_B_independent_certified_20260812T123909Z/SHA256SUMS	452		4ef232b340b2708ce3f70d39fbbdd499705970a46c359ac87826bad444db8ea2
backups/phase14_11L3_A_warm_small_certified_20260812T125544Z/ACTIVE_YAML_SHA256.txt	65	.txt	4faa8a48d1b144869fc521891478322894ddbedfc0799c275b50c59e4276f2fc
backups/phase14_11L3_A_warm_small_certified_20260812T125544Z/PRODUCTION_SHA256.txt	625	.txt	67c66ede487202868f42a3d9bf6219e192664f0616f2b0e5af553f87953b30f5
backups/phase14_11L3_A_warm_small_certified_20260812T125544Z/RESULT.txt	789	.txt	e365fea1481624e4efbc4d9157bf22c4db090209ebac2d45a71db7df4c2bc2d8
backups/phase14_11L3_A_warm_small_certified_20260812T125544Z/SHA256SUMS	411		4420b67e3bec8f23f9ad2ef9dd578c7859297d4b790880e466048f9c72590c9a
backups/phase14_11L3_A_warm_small_certified_20260812T125544Z/SUMMARY.json	547	.json	6cf59ef813b818125dd7fb522b944ee421f9d5a6bcab99870c8a190fa1735dde
backups/phase14_11L3_A_warm_small_certified_20260812T125544Z/TRIALS.json	1590	.json	c984dbee93b8aa9b2ad9bf1dfe91019e1d27896c2051d41045624d90b0af3ad0
backups/phase14_11L4_A_same_session_certified_20260812T134845Z/ACTIVE_YAML_SHA256.txt	65	.txt	4faa8a48d1b144869fc521891478322894ddbedfc0799c275b50c59e4276f2fc
backups/phase14_11L4_A_same_session_certified_20260812T134845Z/PRODUCTION_SHA256.txt	625	.txt	67c66ede487202868f42a3d9bf6219e192664f0616f2b0e5af553f87953b30f5
backups/phase14_11L4_A_same_session_certified_20260812T134845Z/RESULT.txt	920	.txt	3d6323f7679ee64d15d6cad53e10ae885edbad878736ca5e611f80d53eee38f3
backups/phase14_11L4_A_same_session_certified_20260812T134845Z/SHA256SUMS	411		c5982fe66b852d2c5773d71f444eb35749ae554784ea40486fdeea66026e1894
backups/phase14_11L4_A_same_session_certified_20260812T134845Z/SUMMARY.json	478	.json	5ce799bd7e59f5332b453b5c658de3a6b048761b205f4b3345b56a7b16ddcddf
backups/phase14_11L4_A_same_session_certified_20260812T134845Z/TRIALS.json	1596	.json	38f2dcea735b764117f42eeb7516462c31b4786ec5d734e8ca03d39758000cad
backups/phase14_11L4_B_independent_certified_20260812T135338Z/ARTIFACT_SHA256.txt	795	.txt	33cfca14f0c9eba37317e2c4bd2749e18c5a128c1339a0be8c1d3d0968aa2d59
backups/phase14_11L4_B_independent_certified_20260812T135338Z/CERTIFICATION.txt	4667	.txt	6f941369f01c29dc8a8b8c88216920a9686919d80e3e0dc4482f260651749e54
backups/phase14_11L4_B_independent_certified_20260812T135338Z/PRODUCTION_SHA256.txt	721	.txt	979426b1a4c4b15ab871f171e05cfb6036f91ae9e708967351fe12934b923cc6
backups/phase14_11L4_B_independent_certified_20260812T135338Z/RECOMPUTED_STATS.json	2814	.json	0d41f26f778881fbe8e94e8d3bbcab7faceb8d2e823e44f040608b1f5bafa95b
backups/phase14_11L4_B_independent_certified_20260812T135338Z/SHA256SUMS	354		94cb0fd7f99126c5d54b962fed4cde4f921ccfc44dae802d1aac55d17b721c73
backups/phase14_11L5_A_multicontext_certified_20260812T152526Z/ACTIVE_YAML_SHA256.txt	65	.txt	4faa8a48d1b144869fc521891478322894ddbedfc0799c275b50c59e4276f2fc
backups/phase14_11L5_A_multicontext_certified_20260812T152526Z/PAIRS.json	2912	.json	6e5416ee902706ae376744e24b6edb0117797e1970050c02442f26d449e46b36
backups/phase14_11L5_A_multicontext_certified_20260812T152526Z/PRODUCTION_SHA256.txt	625	.txt	67c66ede487202868f42a3d9bf6219e192664f0616f2b0e5af553f87953b30f5
backups/phase14_11L5_A_multicontext_certified_20260812T152526Z/RESULT.txt	1420	.txt	c7627fa193dabd08a079ae1d372b7b3c9cff2d13ec9b6b94777f009928b28c09
backups/phase14_11L5_A_multicontext_certified_20260812T152526Z/SHA256SUMS	410		bf27bd28bdf2282f7a0939d93f36a784389d636ed84e74a265fa921e4dca834b
backups/phase14_11L5_A_multicontext_certified_20260812T152526Z/SUMMARY.json	1940	.json	e2f4b96cc8c973a19eedfae4381d97a30c3b626a46a37fdaaa5cb1b7f3017b1a
backups/phase14_11L6_A_reasoning_certified_20260812T172100Z/ACTIVE_YAML_SHA256.txt	65	.txt	4faa8a48d1b144869fc521891478322894ddbedfc0799c275b50c59e4276f2fc
backups/phase14_11L6_A_reasoning_certified_20260812T172100Z/HARNESS_SHA256.txt	124	.txt	d972ff51dceb9f6433f9c84c5ff80209fbab1446317d87edb2f9fc3eff5a1147
backups/phase14_11L6_A_reasoning_certified_20260812T172100Z/PRODUCTION_SHA256.txt	625	.txt	67c66ede487202868f42a3d9bf6219e192664f0616f2b0e5af553f87953b30f5
backups/phase14_11L6_A_reasoning_certified_20260812T172100Z/RAW_SHA256.txt	2040	.txt	f9b69554075b73bd31616bb2e62ba291aa9ac6ee0f0f1a4d4394d659fccd094b
backups/phase14_11L6_A_reasoning_certified_20260812T172100Z/RESULT.txt	1689	.txt	6eac8587500cab4e312f4f37346dddd88b99796c60ff86f0410a2bf229e1d44d
backups/phase14_11L6_A_reasoning_certified_20260812T172100Z/SHA256SUMS	577		8da1010be25b371e471af2ea279e5d6ea13bbf691c80ecb9e3ab13b3a7951b0a
backups/phase14_11L6_A_reasoning_certified_20260812T172100Z/SUMMARY.json	3232	.json	1c4e241a10bf21604ae3003ec93f1ac667c85debe95196f9e79dbae4116f504c
backups/phase14_11L6_A_reasoning_certified_20260812T172100Z/TRIALS.json	6915	.json	364e1eec0715134c916dcd38c35fcef58eae3a4381b93393bb86ca73c038cbb0
backups/phase14_11L6_B_independent_certified_20260812T172604Z/ACTIVE_YAML_SHA256.txt	65	.txt	4faa8a48d1b144869fc521891478322894ddbedfc0799c275b50c59e4276f2fc
backups/phase14_11L6_B_independent_certified_20260812T172604Z/CERTIFICATION.txt	1948	.txt	5cfce286a2235fd2879142c08ec5c0b987467dd7e20f8986bc3c326f138f7fd8
backups/phase14_11L6_B_independent_certified_20260812T172604Z/HARNESS_SHA256.txt	124	.txt	d972ff51dceb9f6433f9c84c5ff80209fbab1446317d87edb2f9fc3eff5a1147
backups/phase14_11L6_B_independent_certified_20260812T172604Z/PRODUCTION_SHA256.txt	625	.txt	67c66ede487202868f42a3d9bf6219e192664f0616f2b0e5af553f87953b30f5
backups/phase14_11L6_B_independent_certified_20260812T172604Z/RECOMPUTED_SUMMARY.json	2854	.json	e574206e9eb41352617bff7a6ee9da0bd62a9a7fa72f1872d6f9771cfa9092a7
backups/phase14_11L6_B_independent_certified_20260812T172604Z/SHA256SUMS	610		380d0cd31df1f600717efd753423787d36ec3d25f8daf217afd48ce53e6518c7
backups/phase14_11L6_B_independent_certified_20260812T172604Z/SOURCE_A_ARCHIVE.txt	72	.txt	f21bfb064545c04ff8548916aac7605859d81555dce960a2c47de151222ff48e
backups/phase14_11L6_B_independent_certified_20260812T172604Z/VERIFIED_TRIALS.json	6915	.json	4d30022c201b885b2e6f9ef09517dd42416661965cb87e9ad1dfb6170930e500
backups/phase14_11L7_A_surface_certified_20260813T000538Z/CERTIFICATION.txt	1561	.txt	a81bbdc16f3be003c41d612c62cbcf6b7a57d13f6760ed038426e63ddc8fef0f
backups/phase14_11L7_A_surface_certified_20260813T000538Z/SHA256SUMS.txt	2398	.txt	990cc2cab7a223a737d20ca454e47ad739b9ae9a2efe577d074e03b2fa3cfcbc
backups/phase14_11L7_A_surface_certified_20260813T000538Z/certification/analyze_surface.py	17970	.py	a4cd9cc344ed8e6ed594aa6b9bc31568718101649fc0c9cf169c986aaeffce4d
backups/phase14_11L7_A_surface_certified_20260813T000538Z/certification/surface_trial.py	22161	.py	4ba7d460167269851b9c9d1f6ac966c9228b59d189b76f6178b63b57758cdedb
backups/phase14_11L7_A_surface_certified_20260813T000538Z/l7_surface_summary.json	9710	.json	a388736294fe4c24caed7f0aeeb2b875481b39ab65508692240ef3aac6cfa418
backups/phase14_11L7_A_surface_certified_20260813T000538Z/raw/l7_surface_a_trial1_raw.json	2038	.json	632561a2c1a01c4509bf9068414eae2912d3481bab5a1b222cbcf911dfd64ddf
backups/phase14_11L7_A_surface_certified_20260813T000538Z/raw/l7_surface_a_trial2_raw.json	2040	.json	b22ad518a2e2e7e42d40576bcaedc69e13df6f8b7a3fe02339d7a6d83319341c
backups/phase14_11L7_A_surface_certified_20260813T000538Z/raw/l7_surface_a_trial3_raw.json	2041	.json	22f0562a1caf4f24a39876f344d00baa5ba65bc4389c61f044ad66994dc6c489
backups/phase14_11L7_A_surface_certified_20260813T000538Z/raw/l7_surface_a_trial4_raw.json	2041	.json	a3a1f78feb949c250525abb041c5b681e1caebb06362cf1f23d888aded6ad10f
backups/phase14_11L7_A_surface_certified_20260813T000538Z/raw/l7_surface_a_trial5_raw.json	2040	.json	c44c128e4b3aa5efc6d330060261a4d1d0b180d5e53917abe68c7b68504ea520
backups/phase14_11L7_A_surface_certified_20260813T000538Z/raw/l7_surface_b_trial1_raw.json	2136	.json	72c2fbecf250baf4f5e524da87ced3a4c70a32101c607a4e5eee32822be7be87
backups/phase14_11L7_A_surface_certified_20260813T000538Z/raw/l7_surface_b_trial2_raw.json	2136	.json	b80b1af6f4d5a28ece737ba1d8426c073c3c6fcfe390f38cc37e6efd1d9277d0
backups/phase14_11L7_A_surface_certified_20260813T000538Z/raw/l7_surface_b_trial3_raw.json	2136	.json	7aaa4d77b455cd2ff7d0d6bf3c2cf59152d31ccb03d42832590668a57d473cfc
backups/phase14_11L7_A_surface_certified_20260813T000538Z/raw/l7_surface_b_trial4_raw.json	2136	.json	a1dcbad33005ef7c20e9693935fb87ee251d68980a57659957e0d966922030b8
backups/phase14_11L7_A_surface_certified_20260813T000538Z/raw/l7_surface_b_trial5_raw.json	2134	.json	5264d5fe1ca9051378ffb3f031f7074d343b8473de8384303a1b47bcd8ea1626
backups/phase14_11L7_A_surface_certified_20260813T000538Z/raw/l7_surface_c_trial1_raw.json	2313	.json	6cb94732bc55bcfcdeaf583fedd21252e91d72812e936461c5ac6b275ef451fb
backups/phase14_11L7_A_surface_certified_20260813T000538Z/raw/l7_surface_c_trial2_raw.json	2316	.json	17a42ddae36d1507b7ecf244daa1c0dc84fe42758450007c3d22c2e9814f674c
backups/phase14_11L7_A_surface_certified_20260813T000538Z/raw/l7_surface_c_trial3_raw.json	2315	.json	44043b07f052075f7e6dc7caa6562141c11a2a05a3ae64fee9ee94020a5c5cf5
backups/phase14_11L7_A_surface_certified_20260813T000538Z/raw/l7_surface_c_trial4_raw.json	2315	.json	8451b5071c6631dd54e9ac66e2c5053340c776724e1e41239b52a23aa858d2e2
backups/phase14_11L7_A_surface_certified_20260813T000538Z/raw/l7_surface_c_trial5_raw.json	2315	.json	9df1f222d02553e964ddbaffe67af282362795cb7de22d95dac26b6f64a63f03
backups/phase14_11L7_A_surface_certified_20260813T000538Z/raw/l7_surface_d_trial1_raw.json	2613	.json	4eaf1bcd9e47bd8ee5db0a6f9e372a9f1ca440e2fe8728929c606844aa65bc87
backups/phase14_11L7_A_surface_certified_20260813T000538Z/raw/l7_surface_d_trial2_raw.json	2613	.json	7fcc6fabb438c8b9da8803295fdeb4ec9267e2b38acf15fddea7b63f86ed7b76
backups/phase14_11L7_A_surface_certified_20260813T000538Z/raw/l7_surface_d_trial3_raw.json	2613	.json	2bdba87203f10c85595b18c6bca3c82ae348c35fe735362d659d753f34fb21be
backups/phase14_11L7_A_surface_certified_20260813T000538Z/raw/l7_surface_d_trial4_raw.json	2614	.json	8b4da5a22d7242cf52db25a839549a80db9a016db199ac1c3833c5a36342aa71
backups/phase14_11L7_A_surface_certified_20260813T000538Z/raw/l7_surface_d_trial5_raw.json	2613	.json	131effcb6bb6f69c6db77c499cb26f67e7f4fa168d70fe17bfb81362a50ad2cb
backups/phase14_11L7_B_independent_certified_20260813T000909Z/CERTIFICATION.txt	792	.txt	9ed5fc8e5a61d052c6032336063f4d2278842f10ee27a9c3e675dfedf424fbf0
backups/phase14_11L7_B_independent_certified_20260813T000909Z/SHA256SUMS.txt	181	.txt	53dc2d0b76ece05c691059c6fcef16228a50f5d2115ccb5b86a4ed8dbbcb42ee
backups/phase14_11L7_B_independent_certified_20260813T000909Z/independent_certification.json	4742	.json	03f5939d5491d188ae996bb675fad3f6a6beceecb8f1a7eb3f4d68817403262d
backups/phase14_11L8_A_governor_certified_20260813T005056Z/CERTIFICATION.txt	2203	.txt	7a97e1c83f8da030547be37cf2075b3c0b7c79fc9ddc651a5e579042182a23ae
backups/phase14_11L8_A_governor_certified_20260813T005056Z/SHA256SUMS.txt	1387	.txt	aa2c724800b9774e272bf01a7e2227d169590feb2150bad27999a900040a0978
backups/phase14_11L8_A_governor_certified_20260813T005056Z/certification/analyze_governor.py	13867	.py	51c696a41e309c3b78894492e5747624775ee69589c77f473da63bc5609df220
backups/phase14_11L8_A_governor_certified_20260813T005056Z/certification/governor_benchmark.py	16032	.py	f8ab314952c95fb01b2f5b0295eb89da605d6708e436e665c704d997dd7991f5
backups/phase14_11L8_A_governor_certified_20260813T005056Z/certification/residency_effect.py	5433	.py	e7c50bac53094207562af09b470a030abef400eeb283bbc510c8d8531605035d
backups/phase14_11L8_A_governor_certified_20260813T005056Z/l8_governor_summary.json	2360	.json	7f51d85b38cb705cb495bfb56a142bc65d0f85d3f7905774ea7eab2e937ce3a5
backups/phase14_11L8_A_governor_certified_20260813T005056Z/raw/l8_governor_raw.json	7252	.json	2c9e70239070edac150646fe00f75593fea1baf7522ccbb182b32860ee47cb91
backups/phase14_11L8_A_governor_certified_20260813T005056Z/raw/l8_residency_effect_raw.json	699	.json	243c92316063a368712d690eb06b1fd636d571e881e812b572358e1682e8b166
backups/phase14_11L8_A_governor_certified_20260813T005056Z/source/availability.py	2722	.py	b6a9fe9bfbe23f8ada65d30ac76a8e8f62a4c2d33e2cc7199dc572c39c886eb7
backups/phase14_11L8_A_governor_certified_20260813T005056Z/source/budget.py	2431	.py	3ab5a79d57b0ea5ea34e2c5634bd8ad9282f484e6f761a8ad62023fa6b2d3cdb
backups/phase14_11L8_A_governor_certified_20260813T005056Z/source/decision.py	3082	.py	f9bf6f48620efcc2973e48abfb1d035658934aff623f79b280da8c3d48208c57
backups/phase14_11L8_A_governor_certified_20260813T005056Z/source/evaluation.py	5069	.py	0d485027b490c4a55cbe2841f943bb1a5d65db3cb44b84ddb599747bc048723c
backups/phase14_11L8_A_governor_certified_20260813T005056Z/source/governor.py	6165	.py	9d25c7802f6e58d4b9e8d21eff025a0c0aff0252afc84bcc13f6b78533e1aaea
backups/phase14_11L8_A_governor_certified_20260813T005056Z/source/live_providers.py	7145	.py	40b49375dbe014b27b6fc5696bccf74274864e42953c473b42ffe10a3c552299
backups/phase14_11L8_A_governor_certified_20260813T005056Z/source/model.py	4683	.py	7262ea30a432e8a454a4069f1d3b60e50e30600aa99308974e8f925877774da7
backups/phase14_11L8_A_governor_certified_20260813T005056Z/source/requirement.py	3153	.py	4cebbfaa27e3360a5ec92edd311cd2f9424ee159c8a6c5c4bfa2a3335dc89f59
backups/phase14_11L8_B_independent_certified_20260813T005320Z/CERTIFICATION.txt	1324	.txt	ce730fbfb2c8f24419e5f1b46f27e73482aef9710b2d36a3808359b2e81a21c6
backups/phase14_11L8_B_independent_certified_20260813T005320Z/SHA256SUMS.txt	181	.txt	c69adb23c29fdb5c30eb21de31c35380eccdf83f120c960297c4dcfd1e68246c
backups/phase14_11L8_B_independent_certified_20260813T005320Z/independent_certification.json	1921	.json	e7a60dd91bf937f9505f2b3f9427b021c0c021a14ca2a4e33d491026aec49713
backups/phase14_11L9_A_recovery_certified_20260813T023040Z/CERTIFICATION.md	1219	.md	477573d9833873dbc7d64bf5bdd14f479dd32b3f68eafd7c5d6b404843af22a5
backups/phase14_11L9_A_recovery_certified_20260813T023040Z/MANIFEST.sha256	1597	.sha256	25bf82477b8384c16bed030aeff4418e23fac45988d493c7971af6fe7459a1fa
backups/phase14_11L9_A_recovery_certified_20260813T023040Z/benchmarks/l9_hermes_session_cost_raw.json	12909	.json	cbe31786ff78742442eee72c39282cbcfb888db4b178338605ed4453f104f4f1
backups/phase14_11L9_A_recovery_certified_20260813T023040Z/benchmarks/l9_matched_recovery_raw.json	5997	.json	c66535846e9ec532eef8d1c7f750b0119a20e3b0d66ec81e6ac184e2cb8de944
backups/phase14_11L9_A_recovery_certified_20260813T023040Z/benchmarks/l9_real_recovery_trial_raw.json	3023	.json	14ec9478a04c1760677c18c8981449b959f153b7a232c60fd8dd3b48268b7fbf
backups/phase14_11L9_A_recovery_certified_20260813T023040Z/benchmarks/l9_recovery_control_raw.json	283342	.json	944c68ded31899f29b5ae1ef6d0f55cca1451b3f065f6e124ccea7bf018a3553
backups/phase14_11L9_A_recovery_certified_20260813T023040Z/benchmarks/l9_recovery_summary.json	6892	.json	68b9ef58980c62c3686d90c087b45b020d54a2fa2c7cf119caad0a045abbce4f
backups/phase14_11L9_A_recovery_certified_20260813T023040Z/certification/analyze_recovery.py	30050	.py	146437f1e5d76d300ea24e8f26a03e1b8089d9431a5e050b21d41e30e748d308
backups/phase14_11L9_A_recovery_certified_20260813T023040Z/certification/hermes_session_cost.py	8760	.py	2e7a911e39c1b4fae8b6f18deb28af0cf14b2994adb84c53702538be87cbf1ac
backups/phase14_11L9_A_recovery_certified_20260813T023040Z/certification/matched_recovery_benchmark.py	22343	.py	c8d1bc70f629b14f3314fd1c5e89078db1625f9db8af97fd5699c35b8b78e99e
backups/phase14_11L9_A_recovery_certified_20260813T023040Z/certification/real_recovery_trial.py	16562	.py	69a83958e9d4f8951b18fbb59825ae664eff93d8ae88b4fb0a380bdff46b5a5f
backups/phase14_11L9_A_recovery_certified_20260813T023040Z/certification/recovery_control_benchmark.py	18895	.py	4eaa7b4ce6153973f55566fa7087b5aed0b758fc58216aed4c2d4e61869c9eab
backups/phase14_11L9_A_recovery_certified_20260813T023040Z/source_snapshots/hermes.py	49088	.py	a09949eead5cb9772aca312c91630703c7ff8ce43df778730279445b25635084
backups/phase14_11L9_A_recovery_certified_20260813T023040Z/source_snapshots/live_providers.py	7145	.py	40b49375dbe014b27b6fc5696bccf74274864e42953c473b42ffe10a3c552299
backups/phase14_11L9_A_recovery_certified_20260813T023040Z/source_snapshots/task_session.py	359191	.py	d666cb1471b568bf43db4255f5e84e98c1ea502af467e1e2670e4a93dc364991
backups/phase14_11L9_A_recovery_certified_20260813T023040Z/source_snapshots/test_model_form_retry_task_session_integration.py	21114	.py	b0ba1f9e8c6148cab49a94bc0ea1c49c1f7d9a68cb0138792e91d7aa8d44b417
backups/phase14_11L9_B_independent_certified_20260813T024209Z/CERTIFICATION.md	1377	.md	37c5fea8d70b2574aad25995904068796e14133f35f841fdb450e505523075b7
backups/phase14_11L9_B_independent_certified_20260813T024209Z/MANIFEST.sha256	591	.sha256	8ca66f09e6788607b9903b60513c11a040d4aac86e724e3c97ca800c9ea136e0
backups/phase14_11L9_B_independent_certified_20260813T024209Z/a_anchor/A_CERTIFICATION.md	1219	.md	477573d9833873dbc7d64bf5bdd14f479dd32b3f68eafd7c5d6b404843af22a5
backups/phase14_11L9_B_independent_certified_20260813T024209Z/a_anchor/A_MANIFEST.sha256	1597	.sha256	25bf82477b8384c16bed030aeff4418e23fac45988d493c7971af6fe7459a1fa
backups/phase14_11L9_B_independent_certified_20260813T024209Z/a_anchor/A_RECOVERY_SUMMARY.json	6892	.json	68b9ef58980c62c3686d90c087b45b020d54a2fa2c7cf119caad0a045abbce4f
backups/phase14_11L9_B_independent_certified_20260813T024209Z/certification/independent_certify.py	33245	.py	383e7ae210adbd53acb26080288fd13edadea52c4ea61eb77e3fc53614846570
backups/phase14_11L9_B_independent_certified_20260813T024209Z/report/l9_independent_certification.json	1719	.json	48ebec6c61e2bb3a5e89ebb6aa606ba58128f6da8de5130593a7197a224af243
backups/phase14_11T2_H5G_recertified_20260811T233836Z/CERTIFICATION.txt	1839	.txt	b6851c2186d04d85e389bc54a4cafe6007ecd4083045c3bd3c96f4ddb44e4311
backups/phase14_11T2_H5G_recertified_20260811T233836Z/SHA256SUMS	756		606998e460124c259dda9589871a8826b6f48b86df9602269940d97d169bedb2
